catalog_id,title,published_title,url,year,acta_number,section,part,publication_date,publication_date_raw,source_type,source_page_url,listing_status,first_seen_at,last_seen_at,page_occurrences,alternate_urls
2013-sempb-01-completa,Acta No 01 de 2013 SEMPB,Acta 1,https://www.invima.gov.co/invima_website/static/attachments/medicamentos_sala_especializada_medicamentos_sintesis/Acta_20No_20_2001_20de_202013.pdf,2013,01,SEMPB,,2013-02-21,21-02-2013,official,https://www.invima.gov.co/productos-vigilados/medicamentos-y-productos-biologicos/sala-especializada-medicamentos-sintesis,listed,2026-09-01T21:04:26.464615+00:00,2026-09-01T21:04:26.464615+00:00,1,
2013-sempb-02-completa,Acta No 02 de 2013 SEMPB,Acta 2,https://www.invima.gov.co/invima_website/static/attachments/medicamentos_sala_especializada_medicamentos_sintesis/Acta_20No_20_2002_20de_202013.pdf,2013,02,SEMPB,,2013-02-21,21-02-2013,official,https://www.invima.gov.co/productos-vigilados/medicamentos-y-productos-biologicos/sala-especializada-medicamentos-sintesis,listed,2026-09-01T21:04:26.464615+00:00,2026-09-01T21:04:26.464615+00:00,1,
2013-sempb-03-completa,Acta No 03 de 2013 SEMPB,Acta 3,https://www.invima.gov.co/invima_website/static/attachments/medicamentos_sala_especializada_medicamentos_sintesis/Acta_20No_2003_20de_202013.pdf,2013,03,SEMPB,,2013-02-21,21-02-2013,official,https://www.invima.gov.co/productos-vigilados/medicamentos-y-productos-biologicos/sala-especializada-medicamentos-sintesis,listed,2026-09-01T21:04:26.464615+00:00,2026-09-01T21:04:26.464615+00:00,1,
2013-sempb-04-completa,Acta No 04 de 2013 SEMPB,Acta 4,https://www.invima.gov.co/invima_website/static/attachments/medicamentos_sala_especializada_medicamentos_sintesis/Acta_20No_2004_20de_202013.pdf,2013,04,SEMPB,,2013-02-21,21-02-2013,official,https://www.invima.gov.co/productos-vigilados/medicamentos-y-productos-biologicos/sala-especializada-medicamentos-sintesis,listed,2026-09-01T21:04:26.464615+00:00,2026-09-01T21:04:26.464615+00:00,1,
2013-sempb-05-completa,Acta No 05 de 2013 SEMPB,Acta 5,https://www.invima.gov.co/invima_website/static/attachments/medicamentos_sala_especializada_medicamentos_sintesis/Acta_20No_2005_20de_202013.pdf,2013,05,SEMPB,,2013-02-21,21-02-2013,official,https://www.invima.gov.co/productos-vigilados/medicamentos-y-productos-biologicos/sala-especializada-medicamentos-sintesis,listed,2026-09-01T21:04:26.464615+00:00,2026-09-01T21:04:26.464615+00:00,1,
2013-sempb-06-completa,Acta No 06 de 2013 SEMPB,Acta 6,https://www.invima.gov.co/invima_website/static/attachments/medicamentos_sala_especializada_medicamentos_sintesis/Acta_20No_20_2006_20de_202013_20SEMPB.pdf,2013,06,SEMPB,,2013-03-14,14-03-2013,official,https://www.invima.gov.co/productos-vigilados/medicamentos-y-productos-biologicos/sala-especializada-medicamentos-sintesis,listed,2026-09-01T21:04:26.464615+00:00,2026-09-01T21:04:26.464615+00:00,1,
2013-sempb-07-completa,Acta No 07 de 2013 SEMPB,Acta 7,https://www.invima.gov.co/invima_website/static/attachments/medicamentos_sala_especializada_medicamentos_sintesis/Acta_20No_20_2007_20de_202013_20SEMPB.pdf,2013,07,SEMPB,,2013-03-14,14-03-2013,official,https://www.invima.gov.co/productos-vigilados/medicamentos-y-productos-biologicos/sala-especializada-medicamentos-sintesis,listed,2026-09-01T21:04:26.464615+00:00,2026-09-01T21:04:26.464615+00:00,1,
2013-sempb-08-completa,Acta No 08 de 2013 SEMPB,Acta 8,https://www.invima.gov.co/invima_website/static/attachments/medicamentos_sala_especializada_medicamentos_sintesis/Acta_20No_20_2008_20de_202013_20SEMPB.pdf,2013,08,SEMPB,,2013-03-14,14-03-2013,official,https://www.invima.gov.co/productos-vigilados/medicamentos-y-productos-biologicos/sala-especializada-medicamentos-sintesis,listed,2026-09-01T21:04:26.464615+00:00,2026-09-01T21:04:26.464615+00:00,1,
2013-sempb-09-completa,Acta No 09 de 2013 SEMPB,Acta 9,https://www.invima.gov.co/invima_website/static/attachments/medicamentos_sala_especializada_medicamentos_sintesis/Acta_20No_20_2009_20de_202013_20SEMPB.pdf,2013,09,SEMPB,,2013-03-14,14-03-2013,official,https://www.invima.gov.co/productos-vigilados/medicamentos-y-productos-biologicos/sala-especializada-medicamentos-sintesis,listed,2026-09-01T21:04:26.464615+00:00,2026-09-01T21:04:26.464615+00:00,1,
2013-sempb-10-completa,Acta No 10 de 2013 SEMPB,Acta 10,https://www.invima.gov.co/invima_website/static/attachments/medicamentos_sala_especializada_medicamentos_sintesis/Acta_20No_20_2010_20de_202013_20SEMPB.pdf,2013,10,SEMPB,,2013-03-14,14-03-2013,official,https://www.invima.gov.co/productos-vigilados/medicamentos-y-productos-biologicos/sala-especializada-medicamentos-sintesis,listed,2026-09-01T21:04:26.464615+00:00,2026-09-01T21:04:26.464615+00:00,1,
2013-sempb-11-completa,Acta No 11 de 2013 SEMPB,Acta 11,https://www.invima.gov.co/invima_website/static/attachments/medicamentos_sala_especializada_medicamentos_sintesis/Acta_20No_20_2011_20de_202013_20SEMPB.pdf,2013,11,SEMPB,,2013-03-14,14-03-2013,official,https://www.invima.gov.co/productos-vigilados/medicamentos-y-productos-biologicos/sala-especializada-medicamentos-sintesis,listed,2026-09-01T21:04:26.464615+00:00,2026-09-01T21:04:26.464615+00:00,1,
2013-sempb-12-completa,Acta No 12 de 2013 SEMPB,Acta 12,https://www.invima.gov.co/invima_website/static/attachments/medicamentos_sala_especializada_medicamentos_sintesis/Acta_20No._2012_20de_202013_20SEMPB_20para_20publicar.pdf,2013,12,SEMPB,,2013-04-10,10-04-2013,official,https://www.invima.gov.co/productos-vigilados/medicamentos-y-productos-biologicos/sala-especializada-medicamentos-sintesis,listed,2026-09-01T21:04:26.464615+00:00,2026-09-01T21:04:26.464615+00:00,1,
2013-sempb-13-completa,Acta No 13 de 2013 SEMPB,Acta 13,https://www.invima.gov.co/invima_website/static/attachments/medicamentos_sala_especializada_medicamentos_sintesis/Acta_20No._2013_20de_202013_20SEMPB_20para_20publicar.pdf,2013,13,SEMPB,,2013-04-10,10-04-2013,official,https://www.invima.gov.co/productos-vigilados/medicamentos-y-productos-biologicos/sala-especializada-medicamentos-sintesis,listed,2026-09-01T21:04:26.464615+00:00,2026-09-01T21:04:26.464615+00:00,1,
2013-sempb-14-completa,Acta No 14 de 2013 SEMPB,Acta 14,https://www.invima.gov.co/invima_website/static/attachments/medicamentos_sala_especializada_medicamentos_sintesis/Acta_20No_20_2014_20de_202013_20SEMPB_20para_20publicar.pdf,2013,14,SEMPB,,2013-04-10,10-04-2013,official,https://www.invima.gov.co/productos-vigilados/medicamentos-y-productos-biologicos/sala-especializada-medicamentos-sintesis,listed,2026-09-01T21:04:26.464615+00:00,2026-09-01T21:04:26.464615+00:00,1,
2013-sempb-15-completa,Acta No 15 de 2013 SEMPB,Acta 15,https://www.invima.gov.co/invima_website/static/attachments/medicamentos_sala_especializada_medicamentos_sintesis/Acta_20No_20_2015_20de_202013_20SEMPB_20para_20publicar.pdf,2013,15,SEMPB,,2013-04-10,10-04-2013,official,https://www.invima.gov.co/productos-vigilados/medicamentos-y-productos-biologicos/sala-especializada-medicamentos-sintesis,listed,2026-09-01T21:04:26.464615+00:00,2026-09-01T21:04:26.464615+00:00,1,
2013-sempb-16-completa,Acta No 16 de 2013 SEMPB,Acta 16,https://www.invima.gov.co/invima_website/static/attachments/medicamentos_sala_especializada_medicamentos_sintesis/Acta_20No_20_2016_20de_202013_20SEMPB_20para_20publicar.pdf,2013,16,SEMPB,,2013-04-10,10-04-2013,official,https://www.invima.gov.co/productos-vigilados/medicamentos-y-productos-biologicos/sala-especializada-medicamentos-sintesis,listed,2026-09-01T21:04:26.464615+00:00,2026-09-01T21:04:26.464615+00:00,1,
2013-sempb-17-completa,Acta No 17 de 2013 SEMPB,Acta 17,https://www.invima.gov.co/invima_website/static/attachments/medicamentos_sala_especializada_medicamentos_sintesis/Acta_20No_20_2017_20de_202013_20REVISADA.pdf,2013,17,SEMPB,,2013-05-08,08-05-2013,official,https://www.invima.gov.co/productos-vigilados/medicamentos-y-productos-biologicos/sala-especializada-medicamentos-sintesis,listed,2026-09-01T21:04:26.464615+00:00,2026-09-01T21:04:26.464615+00:00,1,
2013-sempb-18-completa,Acta No 18 de 2013 SEMPB,Acta 18,https://www.invima.gov.co/invima_website/static/attachments/medicamentos_sala_especializada_medicamentos_sintesis/Acta_20No_20_2018_20de_202013_20REVISADA.pdf,2013,18,SEMPB,,2013-05-08,08-05-2013,official,https://www.invima.gov.co/productos-vigilados/medicamentos-y-productos-biologicos/sala-especializada-medicamentos-sintesis,listed,2026-09-01T21:04:26.464615+00:00,2026-09-01T21:04:26.464615+00:00,1,
2013-sempb-19-completa,Acta No 19 de 2013 SEMPB,Acta 19,https://www.invima.gov.co/invima_website/static/attachments/medicamentos_sala_especializada_medicamentos_sintesis/Acta_20No_20_2019_20de_202013_20SEMPB_20REVISADA.pdf,2013,19,SEMPB,,2013-05-08,08-05-2013,official,https://www.invima.gov.co/productos-vigilados/medicamentos-y-productos-biologicos/sala-especializada-medicamentos-sintesis,listed,2026-09-01T21:04:26.464615+00:00,2026-09-01T21:04:26.464615+00:00,1,
2013-sempb-20-completa,Acta No 20 de 2013 SEMPB,Acta 20,https://www.invima.gov.co/invima_website/static/attachments/medicamentos_sala_especializada_medicamentos_sintesis/Acta_20No_20_2020_20de_202013_20SEMPB_20REVISADA.pdf,2013,20,SEMPB,,2013-05-08,08-05-2013,official,https://www.invima.gov.co/productos-vigilados/medicamentos-y-productos-biologicos/sala-especializada-medicamentos-sintesis,listed,2026-09-01T21:04:26.464615+00:00,2026-09-01T21:04:26.464615+00:00,1,
2013-sempb-21-completa,Acta No 21 de 2013 SEMPB,Acta 21,https://www.invima.gov.co/invima_website/static/attachments/medicamentos_sala_especializada_medicamentos_sintesis/Acta_20No_20_2021_20de_202013_20SEMPB_20REVISADA.pdf,2013,21,SEMPB,,2013-05-08,08-05-2013,official,https://www.invima.gov.co/productos-vigilados/medicamentos-y-productos-biologicos/sala-especializada-medicamentos-sintesis,listed,2026-09-01T21:04:26.464615+00:00,2026-09-01T21:04:26.464615+00:00,1,
2013-sempb-22-completa,Acta No 22 de 2013 SEMPB,Acta 22,https://www.invima.gov.co/invima_website/static/attachments/medicamentos_sala_especializada_medicamentos_sintesis/Acta_20No_20_2022_20de_202013_20SEMPB_20REVISADA.pdf,2013,22,SEMPB,,2013-05-08,08-05-2013,official,https://www.invima.gov.co/productos-vigilados/medicamentos-y-productos-biologicos/sala-especializada-medicamentos-sintesis,listed,2026-09-01T21:04:26.464615+00:00,2026-09-01T21:04:26.464615+00:00,1,
2013-sempb-23-completa,Acta No 23 de 2013 SEMPB,Acta 23,https://www.invima.gov.co/invima_website/static/attachments/medicamentos_sala_especializada_medicamentos_sintesis/Acta_20No_2023_20de_202013_20SEMPB_20REVISADA.pdf,2013,23,SEMPB,,2013-06-05,05-06-2013,official,https://www.invima.gov.co/productos-vigilados/medicamentos-y-productos-biologicos/sala-especializada-medicamentos-sintesis,listed,2026-09-01T21:04:26.464615+00:00,2026-09-01T21:04:26.464615+00:00,1,
2013-sempb-24-completa,Acta No 24 de 2013 SEMPB,Acta 24,https://www.invima.gov.co/invima_website/static/attachments/medicamentos_sala_especializada_medicamentos_sintesis/Acta_20No_2024_20de_202013_20SEMPB_20REVISADA.pdf,2013,24,SEMPB,,2013-06-05,05-06-2013,official,https://www.invima.gov.co/productos-vigilados/medicamentos-y-productos-biologicos/sala-especializada-medicamentos-sintesis,listed,2026-09-01T21:04:26.464615+00:00,2026-09-01T21:04:26.464615+00:00,1,
2013-sempb-25-completa,Acta No 25 de 2013 SEMPB,Acta 25,https://www.invima.gov.co/invima_website/static/attachments/medicamentos_sala_especializada_medicamentos_sintesis/Acta_20No_2025_20de_202013_20SEMPB_20REVISADA.pdf,2013,25,SEMPB,,2013-06-05,05-06-2013,official,https://www.invima.gov.co/productos-vigilados/medicamentos-y-productos-biologicos/sala-especializada-medicamentos-sintesis,listed,2026-09-01T21:04:26.464615+00:00,2026-09-01T21:04:26.464615+00:00,1,
2013-sempb-26-completa,Acta No 26 de 2013 SEMPB,Acta 26,https://www.invima.gov.co/invima_website/static/attachments/medicamentos_sala_especializada_medicamentos_sintesis/Acta_20No_2026_20de_202013_20SEMPB_20REVISADA_20SeulCami.pdf,2013,26,SEMPB,,2013-06-05,05-06-2013,official,https://www.invima.gov.co/productos-vigilados/medicamentos-y-productos-biologicos/sala-especializada-medicamentos-sintesis,listed,2026-09-01T21:04:26.464615+00:00,2026-09-01T21:04:26.464615+00:00,1,
2013-sempb-27-completa,Acta No 27 de 2013 SEMPB,Acta 27,https://www.invima.gov.co/invima_website/static/attachments/medicamentos_sala_especializada_medicamentos_sintesis/Acta_20No_2027_20de_202013_20SEMPB_20REVISADA.pdf,2013,27,SEMPB,,2013-06-05,05-06-2013,official,https://www.invima.gov.co/productos-vigilados/medicamentos-y-productos-biologicos/sala-especializada-medicamentos-sintesis,listed,2026-09-01T21:04:26.464615+00:00,2026-09-01T21:04:26.464615+00:00,1,
2013-sempb-28-completa,Acta No 28 de 2013 SEMPB,Acta 28,https://www.invima.gov.co/invima_website/static/attachments/medicamentos_sala_especializada_medicamentos_sintesis/Acta_20No_2028_20de_202013_20SEMPB_20REVISADA.pdf,2013,28,SEMPB,,2013-06-05,05-06-2013,official,https://www.invima.gov.co/productos-vigilados/medicamentos-y-productos-biologicos/sala-especializada-medicamentos-sintesis,listed,2026-09-01T21:04:26.464615+00:00,2026-09-01T21:04:26.464615+00:00,1,
2013-sempb-29-completa,Acta No 29 de 2013 SEMPB,Acta 29,https://www.invima.gov.co/invima_website/static/attachments/medicamentos_sala_especializada_medicamentos_sintesis/Acta_20No_2029_20de_202013_20SEMPB.pdf,2013,29,SEMPB,,2013-07-03,03-07-2013,official,https://www.invima.gov.co/productos-vigilados/medicamentos-y-productos-biologicos/sala-especializada-medicamentos-sintesis,listed,2026-09-01T21:04:26.464615+00:00,2026-09-01T21:04:26.464615+00:00,1,
2013-sempb-30-completa,Acta No 30 de 2013 SEMPB,Acta 30,https://www.invima.gov.co/invima_website/static/attachments/medicamentos_sala_especializada_medicamentos_sintesis/Acta_20No_2030_20de_202013_20SEMPB.pdf,2013,30,SEMPB,,2013-07-03,03-07-2013,official,https://www.invima.gov.co/productos-vigilados/medicamentos-y-productos-biologicos/sala-especializada-medicamentos-sintesis,listed,2026-09-01T21:04:26.464615+00:00,2026-09-01T21:04:26.464615+00:00,1,
2013-sempb-31-completa,Acta No 31 de 2013 SEMPB,Acta 31,https://www.invima.gov.co/invima_website/static/attachments/medicamentos_sala_especializada_medicamentos_sintesis/Acta_20No_2031_20de_202013_20SEMPB.pdf,2013,31,SEMPB,,2013-07-03,03-07-2013,official,https://www.invima.gov.co/productos-vigilados/medicamentos-y-productos-biologicos/sala-especializada-medicamentos-sintesis,listed,2026-09-01T21:04:26.464615+00:00,2026-09-01T21:04:26.464615+00:00,1,
2013-sempb-32-completa,Acta No 32 de 2013 SEMPB,Acta 32,https://www.invima.gov.co/invima_website/static/attachments/medicamentos_sala_especializada_medicamentos_sintesis/Acta_20No_2032_20de_202013_20SEMPB.pdf,2013,32,SEMPB,,2013-07-09,09-07-2013,official,https://www.invima.gov.co/productos-vigilados/medicamentos-y-productos-biologicos/sala-especializada-medicamentos-sintesis,listed,2026-09-01T21:04:26.464615+00:00,2026-09-01T21:04:26.464615+00:00,1,
2013-sempb-33-completa,Acta No 33 de 2013 SEMPB,Acta 33,https://www.invima.gov.co/invima_website/static/attachments/medicamentos_sala_especializada_medicamentos_sintesis/Acta_20No_2033_20de_202013_20SEMPB.pdf,2013,33,SEMPB,,2013-07-09,09-07-2013,official,https://www.invima.gov.co/productos-vigilados/medicamentos-y-productos-biologicos/sala-especializada-medicamentos-sintesis,listed,2026-09-01T21:04:26.464615+00:00,2026-09-01T21:04:26.464615+00:00,1,
2013-sempb-34-completa,Acta No 34 de 2013 SEMPB,Acta 34,https://www.invima.gov.co/invima_website/static/attachments/medicamentos_sala_especializada_medicamentos_sintesis/Acta_20No_2034_20de_202013_20SEMPB.pdf,2013,34,SEMPB,,2013-07-09,09-07-2013,official,https://www.invima.gov.co/productos-vigilados/medicamentos-y-productos-biologicos/sala-especializada-medicamentos-sintesis,listed,2026-09-01T21:04:26.464615+00:00,2026-09-01T21:04:26.464615+00:00,1,
2013-sempb-35-completa,Acta No 35 de 2013 SEMPB,Acta 35,https://www.invima.gov.co/invima_website/static/attachments/medicamentos_sala_especializada_medicamentos_sintesis/Acta_20No_2035_20de_202013_20SEMPB.pdf,2013,35,SEMPB,,2013-07-30,30-07-2013,official,https://www.invima.gov.co/productos-vigilados/medicamentos-y-productos-biologicos/sala-especializada-medicamentos-sintesis,listed,2026-09-01T21:04:26.464615+00:00,2026-09-01T21:04:26.464615+00:00,1,
2013-sempb-36-completa,Acta No 36 de 2013 SEMPB,Acta 36,https://www.invima.gov.co/invima_website/static/attachments/medicamentos_sala_especializada_medicamentos_sintesis/Acta_20No_2036_20de_202013_20SEMPB.pdf,2013,36,SEMPB,,2013-08-02,02-08-2013,official,https://www.invima.gov.co/productos-vigilados/medicamentos-y-productos-biologicos/sala-especializada-medicamentos-sintesis,listed,2026-09-01T21:04:26.464615+00:00,2026-09-01T21:04:26.464615+00:00,1,
2013-sempb-37-completa,Acta No 37 de 2013 SEMPB,Acta 37,https://www.invima.gov.co/invima_website/static/attachments/medicamentos_sala_especializada_medicamentos_sintesis/Acta_20No_2037_20de_202013_20SEMPB.pdf,2013,37,SEMPB,,2013-08-12,12-08-2013,official,https://www.invima.gov.co/productos-vigilados/medicamentos-y-productos-biologicos/sala-especializada-medicamentos-sintesis,listed,2026-09-01T21:04:26.464615+00:00,2026-09-01T21:04:26.464615+00:00,1,
2013-sempb-38-completa,Acta No 38 de 2013 SEMPB,Acta 38,https://www.invima.gov.co/invima_website/static/attachments/medicamentos_sala_especializada_medicamentos_sintesis/Acta_20No_2038_20de_202013_20SEMPB.pdf,2013,38,SEMPB,,2013-08-12,12-08-2013,official,https://www.invima.gov.co/productos-vigilados/medicamentos-y-productos-biologicos/sala-especializada-medicamentos-sintesis,listed,2026-09-01T21:04:26.464615+00:00,2026-09-01T21:04:26.464615+00:00,1,
2013-sempb-39-completa,Acta No 39 de 2013 SEMPB,Acta 39,https://www.invima.gov.co/invima_website/static/attachments/medicamentos_sala_especializada_medicamentos_sintesis/Acta_20No_2039_20de_202013_20SEMPB.pdf,2013,39,SEMPB,,2013-08-28,28-08-2013,official,https://www.invima.gov.co/productos-vigilados/medicamentos-y-productos-biologicos/sala-especializada-medicamentos-sintesis,listed,2026-09-01T21:04:26.464615+00:00,2026-09-01T21:04:26.464615+00:00,1,
2013-sempb-40-completa,Acta No 40 de 2013 SEMPB,Acta 40,https://www.invima.gov.co/invima_website/static/attachments/medicamentos_sala_especializada_medicamentos_sintesis/Acta_20No_20_2040_20de_202013_20SEMPB_20final_201.pdf,2013,40,SEMPB,,2013-09-05,05-09-2013,official,https://www.invima.gov.co/productos-vigilados/medicamentos-y-productos-biologicos/sala-especializada-medicamentos-sintesis,listed,2026-09-01T21:04:26.464615+00:00,2026-09-01T21:04:26.464615+00:00,1,
2013-sempb-41-completa,Acta No 41 de 2013 SEMPB,Acta 41,https://www.invima.gov.co/invima_website/static/attachments/medicamentos_sala_especializada_medicamentos_sintesis/Acta_20No_2041_20de_202013_20SEMPB.pdf,2013,41,SEMPB,,2013-09-05,05-09-2013,official,https://www.invima.gov.co/productos-vigilados/medicamentos-y-productos-biologicos/sala-especializada-medicamentos-sintesis,listed,2026-09-01T21:04:26.464615+00:00,2026-09-01T21:04:26.464615+00:00,1,
2013-sempb-42-primera-parte,Acta No 42 de 2013 SEMPB Primera Parte,Acta 42 (Primera parte),https://www.invima.gov.co/invima_website/static/attachments/medicamentos_sala_especializada_medicamentos_sintesis/Acta_20No_2042_20de_202013_20SEMPB_20PRIMERA_20PARTE.pdf,2013,42,SEMPB,Primera Parte,2013-09-20,20-09-2013,official,https://www.invima.gov.co/productos-vigilados/medicamentos-y-productos-biologicos/sala-especializada-medicamentos-sintesis,listed,2026-09-01T21:04:26.464615+00:00,2026-09-01T21:04:26.464615+00:00,1,
2013-sempb-42-segunda-parte,Acta No 42 de 2013 SEMPB Segunda Parte,Acta 42 Segunda parte,https://www.invima.gov.co/invima_website/static/attachments/medicamentos_sala_especializada_medicamentos_sintesis/Acta_20No_20_2042_20de_202013_20SEMPB_20SEGUNDA_20PARTE.pdf,2013,42,SEMPB,Segunda Parte,2013-10-17,17-10-2013,official,https://www.invima.gov.co/productos-vigilados/medicamentos-y-productos-biologicos/sala-especializada-medicamentos-sintesis,listed,2026-09-01T21:04:26.464615+00:00,2026-09-01T21:04:26.464615+00:00,1,
2013-sempb-43-completa,Acta No 43 de 2013 SEMPB,Acta 43,https://www.invima.gov.co/invima_website/static/attachments/medicamentos_sala_especializada_medicamentos_sintesis/Acta_20No_2043_20de_202013_20SEMPB.pdf,2013,43,SEMPB,,2013-10-22,22-10-2013,official,https://www.invima.gov.co/productos-vigilados/medicamentos-y-productos-biologicos/sala-especializada-medicamentos-sintesis,listed,2026-09-01T21:04:26.464615+00:00,2026-09-01T21:04:26.464615+00:00,1,
2013-sempb-44-completa,Acta No 44 de 2013 SEMPB,Acta 44,https://www.invima.gov.co/invima_website/static/attachments/medicamentos_sala_especializada_medicamentos_sintesis/Acta_20No_2044_20de_202013_20SEMPB.pdf,2013,44,SEMPB,,2013-10-16,16-10-2013,official,https://www.invima.gov.co/productos-vigilados/medicamentos-y-productos-biologicos/sala-especializada-medicamentos-sintesis,listed,2026-09-01T21:04:26.464615+00:00,2026-09-01T21:04:26.464615+00:00,1,
2013-sempb-45-completa,Acta No 45 de 2013 SEMPB,Acta 45,https://www.invima.gov.co/invima_website/static/attachments/medicamentos_sala_especializada_medicamentos_sintesis/Acta_20No_2045_20de_202013_20SEMPB.pdf,2013,45,SEMPB,,2013-10-25,25-10-2013,official,https://www.invima.gov.co/productos-vigilados/medicamentos-y-productos-biologicos/sala-especializada-medicamentos-sintesis,listed,2026-09-01T21:04:26.464615+00:00,2026-09-01T21:04:26.464615+00:00,1,
2013-sempb-46-completa,Acta No 46 de 2013 SEMPB,Acta 46,https://www.invima.gov.co/invima_website/static/attachments/medicamentos_sala_especializada_medicamentos_sintesis/Acta_20No_2046_20de_202013_20SEMPB.pdf,2013,46,SEMPB,,2013-10-30,30-10-2013,official,https://www.invima.gov.co/productos-vigilados/medicamentos-y-productos-biologicos/sala-especializada-medicamentos-sintesis,listed,2026-09-01T21:04:26.464615+00:00,2026-09-01T21:04:26.464615+00:00,1,
2013-sempb-47-completa,Acta No 47 de 2013 SEMPB,Acta 47,https://www.invima.gov.co/invima_website/static/attachments/medicamentos_sala_especializada_medicamentos_sintesis/Acta_20No_2047_20de_202013_20SEMPB_20FINAL.pdf,2013,47,SEMPB,,2013-11-22,22-11-2013,official,https://www.invima.gov.co/productos-vigilados/medicamentos-y-productos-biologicos/sala-especializada-medicamentos-sintesis,listed,2026-09-01T21:04:26.464615+00:00,2026-09-01T21:04:26.464615+00:00,1,
2013-sempb-48-completa,Acta No 48 de 2013 SEMPB,Acta 48,https://www.invima.gov.co/invima_website/static/attachments/medicamentos_sala_especializada_medicamentos_sintesis/Acta_20No_2048_20de_202013_20SEMPB.pdf,2013,48,SEMPB,,2013-11-25,25-11-2013,official,https://www.invima.gov.co/productos-vigilados/medicamentos-y-productos-biologicos/sala-especializada-medicamentos-sintesis,listed,2026-09-01T21:04:26.464615+00:00,2026-09-01T21:04:26.464615+00:00,1,
2013-sempb-49-completa,Acta No 49 de 2013 SEMPB,Acta 49,https://www.invima.gov.co/invima_website/static/attachments/medicamentos_sala_especializada_medicamentos_sintesis/Acta_20No_2049_20de_202013_20SEMPB.pdf,2013,49,SEMPB,,2013-11-28,28-11-2013,official,https://www.invima.gov.co/productos-vigilados/medicamentos-y-productos-biologicos/sala-especializada-medicamentos-sintesis,listed,2026-09-01T21:04:26.464615+00:00,2026-09-01T21:04:26.464615+00:00,1,
2013-sempb-50-completa,Acta No 50 de 2013 SEMPB,Acta 50,https://www.invima.gov.co/invima_website/static/attachments/medicamentos_sala_especializada_medicamentos_sintesis/Acta_20No_2050_20de_202013_20SEMPB_20final.pdf,2013,50,SEMPB,,2013-12-13,13-12-2013,official,https://www.invima.gov.co/productos-vigilados/medicamentos-y-productos-biologicos/sala-especializada-medicamentos-sintesis,listed,2026-09-01T21:04:26.464615+00:00,2026-09-01T21:04:26.464615+00:00,1,
2013-sempb-51-completa,Acta No 51 de 2013 SEMPB,Acta 51,https://www.invima.gov.co/invima_website/static/attachments/medicamentos_sala_especializada_medicamentos_sintesis/Acta_20No_2051_20de_202013_20SEMPB_20final.pdf,2013,51,SEMPB,,2013-12-16,16-12-2013,official,https://www.invima.gov.co/productos-vigilados/medicamentos-y-productos-biologicos/sala-especializada-medicamentos-sintesis,listed,2026-09-01T21:04:26.464615+00:00,2026-09-01T21:04:26.464615+00:00,1,
2013-sempb-52-completa,Acta No 52 de 2013 SEMPB,Acta 52,https://www.invima.gov.co/invima_website/static/attachments/medicamentos_sala_especializada_medicamentos_sintesis/Acta_20No_2052_20de_202013_20SEMPB_20final.pdf,2013,52,SEMPB,,2013-12-19,19-12-2013,official,https://www.invima.gov.co/productos-vigilados/medicamentos-y-productos-biologicos/sala-especializada-medicamentos-sintesis,listed,2026-09-01T21:04:26.464615+00:00,2026-09-01T21:04:26.464615+00:00,1,
2013-sempb-53-completa,Acta No 53 de 2013 SEMPB,Acta 53,https://www.invima.gov.co/invima_website/static/attachments/medicamentos_sala_especializada_medicamentos_sintesis/Acta_20No_2053_20de_202013_20SEMPB_20final.pdf,2013,53,SEMPB,,2013-12-23,23-12-2013,official,https://www.invima.gov.co/productos-vigilados/medicamentos-y-productos-biologicos/sala-especializada-medicamentos-sintesis,listed,2026-09-01T21:04:26.464615+00:00,2026-09-01T21:04:26.464615+00:00,1,
2014-sempb-01-completa,Acta No 01 de 2014 SEMPB,Acta 1,https://www.invima.gov.co/invima_website/static/attachments/medicamentos_sala_especializada_medicamentos_sintesis/Acta_20No_20_2001_20de_202014_20SEMPB.pdf,2014,01,SEMPB,,2014-02-14,14-02-2014,official,https://www.invima.gov.co/productos-vigilados/medicamentos-y-productos-biologicos/sala-especializada-medicamentos-sintesis,listed,2026-09-01T21:04:26.464615+00:00,2026-09-01T21:04:26.464615+00:00,1,
2014-sempb-02-completa,Acta No 02 de 2014 SEMPB,Acta 2,https://www.invima.gov.co/invima_website/static/attachments/medicamentos_sala_especializada_medicamentos_sintesis/Acta_20No_2002_20de_202014_20SEMPB.pdf,2014,02,SEMPB,,2014-02-19,19-02-2014,official,https://www.invima.gov.co/productos-vigilados/medicamentos-y-productos-biologicos/sala-especializada-medicamentos-sintesis,listed,2026-09-01T21:04:26.464615+00:00,2026-09-01T21:04:26.464615+00:00,1,
2014-sempb-03-completa,Acta No 03 de 2014 SEMPB,Acta 3,https://www.invima.gov.co/invima_website/static/attachments/medicamentos_sala_especializada_medicamentos_sintesis/Acta_20No_2003_20de_202014_20SEMPB.pdf,2014,03,SEMPB,,2014-03-13,13-03-2014,official,https://www.invima.gov.co/productos-vigilados/medicamentos-y-productos-biologicos/sala-especializada-medicamentos-sintesis,listed,2026-09-01T21:04:26.464615+00:00,2026-09-01T21:04:26.464615+00:00,1,
2014-sempb-04-completa,Acta No 04 de 2014 SEMPB,Acta 4,https://www.invima.gov.co/invima_website/static/attachments/medicamentos_sala_especializada_medicamentos_sintesis/Acta_20No_2004_20de_202014_20SEMPB.pdf,2014,04,SEMPB,,2014-03-18,18-03-2014,official,https://www.invima.gov.co/productos-vigilados/medicamentos-y-productos-biologicos/sala-especializada-medicamentos-sintesis,listed,2026-09-01T21:04:26.464615+00:00,2026-09-01T21:04:26.464615+00:00,1,
2014-sempb-05-completa,Acta No 05 de 2014 SEMPB,Acta 5,https://www.invima.gov.co/invima_website/static/attachments/medicamentos_sala_especializada_medicamentos_sintesis/Acta_20No_20_2005_20de_202014_20SEMPB.pdf,2014,05,SEMPB,,2014-05-14,14-05-2014,official,https://www.invima.gov.co/productos-vigilados/medicamentos-y-productos-biologicos/sala-especializada-medicamentos-sintesis,listed,2026-09-01T21:04:26.464615+00:00,2026-09-01T21:04:26.464615+00:00,1,
2014-sempb-06-completa,Acta No 06 de 2014 SEMPB,Acta 6,https://www.invima.gov.co/invima_website/static/attachments/medicamentos_sala_especializada_medicamentos_sintesis/Acta_20No._2006_20de_202014_20SEMPB.pdf,2014,06,SEMPB,,2014-05-19,19-05-2014,official,https://www.invima.gov.co/productos-vigilados/medicamentos-y-productos-biologicos/sala-especializada-medicamentos-sintesis,listed,2026-09-01T21:04:26.464615+00:00,2026-09-01T21:04:26.464615+00:00,1,
2014-sempb-07-completa,Acta No 07 de 2014 SEMPB,Acta 7,https://www.invima.gov.co/invima_website/static/attachments/medicamentos_sala_especializada_medicamentos_sintesis/Acta_20No_20_2007_20de_202014_20SEMPB.pdf,2014,07,SEMPB,,2014-06-06,06-06-2014,official,https://www.invima.gov.co/productos-vigilados/medicamentos-y-productos-biologicos/sala-especializada-medicamentos-sintesis,listed,2026-09-01T21:04:26.464615+00:00,2026-09-01T21:04:26.464615+00:00,1,
2014-sempb-08-completa,Acta No 08 de 2014 SEMPB,Acta 8,https://www.invima.gov.co/invima_website/static/attachments/medicamentos_sala_especializada_medicamentos_sintesis/Acta_20No._2008_20de_202014_20SEMPB.pdf,2014,08,SEMPB,,2014-06-16,16-06-2014,official,https://www.invima.gov.co/productos-vigilados/medicamentos-y-productos-biologicos/sala-especializada-medicamentos-sintesis,listed,2026-09-01T21:04:26.464615+00:00,2026-09-01T21:04:26.464615+00:00,1,
2014-sempb-09-completa,Acta No 09 de 2014 SEMPB,Acta 9,https://www.invima.gov.co/invima_website/static/attachments/medicamentos_sala_especializada_medicamentos_sintesis/Acta_20No_20_2009_20de_202014_20SEMPB.pdf,2014,09,SEMPB,,2014-07-08,08-07-2014,official,https://www.invima.gov.co/productos-vigilados/medicamentos-y-productos-biologicos/sala-especializada-medicamentos-sintesis,listed,2026-09-01T21:04:26.464615+00:00,2026-09-01T21:04:26.464615+00:00,1,
2014-sempb-10-completa,Acta No 10 de 2014 SEMPB,Acta 10,https://www.invima.gov.co/invima_website/static/attachments/medicamentos_sala_especializada_medicamentos_sintesis/Acta_20No._2010_20de_202014_20SEMPB.pdf,2014,10,SEMPB,,2014-07-08,08-07-2014,official,https://www.invima.gov.co/productos-vigilados/medicamentos-y-productos-biologicos/sala-especializada-medicamentos-sintesis,listed,2026-09-01T21:04:26.464615+00:00,2026-09-01T21:04:26.464615+00:00,1,
2014-sempb-11-primera-parte,Acta No 11 de 2014 SEMPB Primera Parte,Acta 11 (Primera parte),https://www.invima.gov.co/invima_website/static/attachments/medicamentos_sala_especializada_medicamentos_sintesis/Acta_20No_20_2011_20de_202014_20SEMPB_20PRIMERA_20PARTE.pdf,2014,11,SEMPB,Primera Parte,2014-07-04,04-07-2014,official,https://www.invima.gov.co/productos-vigilados/medicamentos-y-productos-biologicos/sala-especializada-medicamentos-sintesis,listed,2026-09-01T21:04:26.464615+00:00,2026-09-01T21:04:26.464615+00:00,1,
2014-sempb-11-segunda-parte,Acta No 11 de 2014 SEMPB Segunda Parte,Acta 11 (Segunda parte),https://www.invima.gov.co/invima_website/static/attachments/medicamentos_sala_especializada_medicamentos_sintesis/Acta_20No._2011_20de_202014_20SEMPB_20SEGUNDA_20PARTE.pdf,2014,11,SEMPB,Segunda Parte,2014-08-01,01-08-2014,official,https://www.invima.gov.co/productos-vigilados/medicamentos-y-productos-biologicos/sala-especializada-medicamentos-sintesis,listed,2026-09-01T21:04:26.464615+00:00,2026-09-01T21:04:26.464615+00:00,1,
2014-sempb-12-completa,Acta No 12 de 2014 SEMPB,Acta 12,https://www.invima.gov.co/invima_website/static/attachments/medicamentos_sala_especializada_medicamentos_sintesis/Acta_20No._2012_20de_202014_20SEMPB.pdf,2014,12,SEMPB,,2014-08-04,04-08-2014,official,https://www.invima.gov.co/productos-vigilados/medicamentos-y-productos-biologicos/sala-especializada-medicamentos-sintesis,listed,2026-09-01T21:04:26.464615+00:00,2026-09-01T21:04:26.464615+00:00,1,
2014-sempb-13-completa,Acta No 13 de 2014 SEMPB,Acta 13,https://www.invima.gov.co/invima_website/static/attachments/medicamentos_sala_especializada_medicamentos_sintesis/Acta_20No._2013_20de_202014_20SEMPB.pdf,2014,13,SEMPB,,2014-08-11,11-08-2014,official,https://www.invima.gov.co/productos-vigilados/medicamentos-y-productos-biologicos/sala-especializada-medicamentos-sintesis,listed,2026-09-01T21:04:26.464615+00:00,2026-09-01T21:04:26.464615+00:00,1,
2014-sempb-14-completa,Acta No 14 de 2014 SEMPB,Acta 14,https://www.invima.gov.co/invima_website/static/attachments/medicamentos_sala_especializada_medicamentos_sintesis/Acta_20No._2014_20de_202014_20SEMPB_201_20de_20septiembre.pdf,2014,14,SEMPB,,2014-09-03,03-09-2014,official,https://www.invima.gov.co/productos-vigilados/medicamentos-y-productos-biologicos/sala-especializada-medicamentos-sintesis,listed,2026-09-01T21:04:26.464615+00:00,2026-09-01T21:04:26.464615+00:00,1,
2014-sempb-15-completa,Acta No 15 de 2014 SEMPB,Acta 15,https://www.invima.gov.co/invima_website/static/attachments/medicamentos_sala_especializada_medicamentos_sintesis/Acta_20No_20_2015_20de_202014_20SEMPB_0.pdf,2014,15,SEMPB,,2014-09-05,05-09-2014,official,https://www.invima.gov.co/productos-vigilados/medicamentos-y-productos-biologicos/sala-especializada-medicamentos-sintesis,listed,2026-09-01T21:04:26.464615+00:00,2026-09-01T21:04:26.464615+00:00,1,
2014-sempb-16-completa,Acta No 16 de 2014 SEMPB,Acta 16,https://www.invima.gov.co/invima_website/static/attachments/medicamentos_sala_especializada_medicamentos_sintesis/Acta_20No._2016_20de_202014_20SEMPB.pdf,2014,16,SEMPB,,2014-09-19,19-09-2014,official,https://www.invima.gov.co/productos-vigilados/medicamentos-y-productos-biologicos/sala-especializada-medicamentos-sintesis,listed,2026-09-01T21:04:26.464615+00:00,2026-09-01T21:04:26.464615+00:00,1,
2014-sempb-17-completa,Acta No 17 de 2014 SEMPB,Acta 17,https://www.invima.gov.co/invima_website/static/attachments/medicamentos_sala_especializada_medicamentos_sintesis/Acta_20No._2017_20de_202014_20SEMPB.pdf,2014,17,SEMPB,,2014-09-29,29-09-2014,official,https://www.invima.gov.co/productos-vigilados/medicamentos-y-productos-biologicos/sala-especializada-medicamentos-sintesis,listed,2026-09-01T21:04:26.464615+00:00,2026-09-01T21:04:26.464615+00:00,1,
2014-sempb-18-completa,Acta No 18 de 2014 SEMPB,Acta 18,https://www.invima.gov.co/invima_website/static/attachments/medicamentos_sala_especializada_medicamentos_sintesis/Acta_20No._2018_20de_202014_20SEMPB.pdf,2014,18,SEMPB,,2014-10-21,21-10-2014,official,https://www.invima.gov.co/productos-vigilados/medicamentos-y-productos-biologicos/sala-especializada-medicamentos-sintesis,listed,2026-09-01T21:04:26.464615+00:00,2026-09-01T21:04:26.464615+00:00,1,
2014-sempb-19-completa,Acta No 19 de 2014 SEMPB,Acta 19,https://www.invima.gov.co/invima_website/static/attachments/medicamentos_sala_especializada_medicamentos_sintesis/Acta_20No._2019_20de_202014_20SEMPB.pdf,2014,19,SEMPB,,2014-10-27,27-10-2014,official,https://www.invima.gov.co/productos-vigilados/medicamentos-y-productos-biologicos/sala-especializada-medicamentos-sintesis,listed,2026-09-01T21:04:26.464615+00:00,2026-09-01T21:04:26.464615+00:00,1,
2014-sempb-20-completa,Acta No 20 de 2014 SEMPB,Acta 20,https://www.invima.gov.co/invima_website/static/attachments/medicamentos_sala_especializada_medicamentos_sintesis/Acta_20No._2020_20de_202014_20SEMPB.pdf,2014,20,SEMPB,,2014-10-21,21-10-2014,official,https://www.invima.gov.co/productos-vigilados/medicamentos-y-productos-biologicos/sala-especializada-medicamentos-sintesis,listed,2026-09-01T21:04:26.464615+00:00,2026-09-01T21:04:26.464615+00:00,1,
2014-sempb-21-completa,Acta No 21 de 2014 SEMPB,Acta 21,https://www.invima.gov.co/invima_website/static/attachments/medicamentos_sala_especializada_medicamentos_sintesis/Acta_20No._2021_20de_202014_20SEMPB.pdf,2014,21,SEMPB,,2014-11-19,19-11-2014,official,https://www.invima.gov.co/productos-vigilados/medicamentos-y-productos-biologicos/sala-especializada-medicamentos-sintesis,listed,2026-09-01T21:04:26.464615+00:00,2026-09-01T21:04:26.464615+00:00,1,
2014-sempb-22-completa,Acta No 22 de 2014 SEMPB,Acta 22,https://www.invima.gov.co/invima_website/static/attachments/medicamentos_sala_especializada_medicamentos_sintesis/Acta_20No_20_2022_20de_202014_20SEMPB.pdf,2014,22,SEMPB,,2014-11-24,24-11-2014,official,https://www.invima.gov.co/productos-vigilados/medicamentos-y-productos-biologicos/sala-especializada-medicamentos-sintesis,listed,2026-09-01T21:04:26.464615+00:00,2026-09-01T21:04:26.464615+00:00,1,
2014-sempb-23-completa,Acta No 23 de 2014 SEMPB,Acta 23,https://www.invima.gov.co/invima_website/static/attachments/medicamentos_sala_especializada_medicamentos_sintesis/Acta_20No._2023_20de_202014_20SEMPB.pdf,2014,23,SEMPB,,2014-11-28,28-11-2014,official,https://www.invima.gov.co/productos-vigilados/medicamentos-y-productos-biologicos/sala-especializada-medicamentos-sintesis,listed,2026-09-01T21:04:26.464615+00:00,2026-09-01T21:04:26.464615+00:00,1,
2014-sempb-24-primera-parte,Acta No 24 de 2014 SEMPB Primera Parte,Acta 24 (Primera Parte),https://www.invima.gov.co/invima_website/static/attachments/medicamentos_sala_especializada_medicamentos_sintesis/Acta_20No._2024_20de_202014_20SEMPB_20PRIMERA_20PARTE.docx.pdf,2014,24,SEMPB,Primera Parte,2014-11-19,19-11-2014,official,https://www.invima.gov.co/productos-vigilados/medicamentos-y-productos-biologicos/sala-especializada-medicamentos-sintesis,listed,2026-09-01T21:04:26.464615+00:00,2026-09-01T21:04:26.464615+00:00,1,
2014-sempb-24-segunda-parte,Acta No 24 de 2014 SEMPB Segunda Parte,Acta 24 (Segunda Parte),https://www.invima.gov.co/invima_website/static/attachments/medicamentos_sala_especializada_medicamentos_sintesis/Acta_20No._2024_20de_202014_20SEMPB_20SEGUNDA_20PARTE-1.pdf,2014,24,SEMPB,Segunda Parte,2014-12-19,19-12-2014,official,https://www.invima.gov.co/productos-vigilados/medicamentos-y-productos-biologicos/sala-especializada-medicamentos-sintesis,listed,2026-09-01T21:04:26.464615+00:00,2026-09-01T21:04:26.464615+00:00,1,
2014-sempb-25-completa,Acta No 25 de 2014 SEMPB,Acta 25,https://www.invima.gov.co/invima_website/static/attachments/medicamentos_sala_especializada_medicamentos_sintesis/Acta_20No._2025_20de_202014_20SEMPB.pdf,2014,25,SEMPB,,2014-12-19,19-12-2014,official,https://www.invima.gov.co/productos-vigilados/medicamentos-y-productos-biologicos/sala-especializada-medicamentos-sintesis,listed,2026-09-01T21:04:26.464615+00:00,2026-09-01T21:04:26.464615+00:00,1,
2014-sempb-26-completa,Acta No 26 de 2014 SEMPB,Acta 26,https://www.invima.gov.co/invima_website/static/attachments/medicamentos_sala_especializada_medicamentos_sintesis/Acta_20No._2026_20de_202014_20SEMPB.pdf,2014,26,SEMPB,,2015-01-14,14-01-2015,official,https://www.invima.gov.co/productos-vigilados/medicamentos-y-productos-biologicos/sala-especializada-medicamentos-sintesis,listed,2026-09-01T21:04:26.464615+00:00,2026-09-01T21:04:26.464615+00:00,1,
2014-sempb-27-completa,Acta No 27 de 2014 SEMPB,Acta 27,https://www.invima.gov.co/invima_website/static/attachments/medicamentos_sala_especializada_medicamentos_sintesis/Acta_20No._2027_20de_202014_20SEMPB.pdf,2014,27,SEMPB,,2015-01-20,20-01-2015,official,https://www.invima.gov.co/productos-vigilados/medicamentos-y-productos-biologicos/sala-especializada-medicamentos-sintesis,listed,2026-09-01T21:04:26.464615+00:00,2026-09-01T21:04:26.464615+00:00,1,
2014-sempb-28-completa,Acta No 28 de 2014 SEMPB,Acta 28,https://www.invima.gov.co/invima_website/static/attachments/medicamentos_sala_especializada_medicamentos_sintesis/Acta_20No._2028_20de_202014_20SEMPB.pdf,2014,28,SEMPB,,2015-01-21,21-01-2015,official,https://www.invima.gov.co/productos-vigilados/medicamentos-y-productos-biologicos/sala-especializada-medicamentos-sintesis,listed,2026-09-01T21:04:26.464615+00:00,2026-09-01T21:04:26.464615+00:00,1,
2015-sempb-01-primera-parte,Acta No 01 de 2015 SEMPB Primera Parte,Acta 1 (Primera parte),https://www.invima.gov.co/invima_website/static/attachments/medicamentos_sala_especializada_medicamentos_sintesis/Acta_20No._2001_20de_202015_20SEMPB_20PRIMERA_20PARTE.pdf,2015,01,SEMPB,Primera Parte,2015-02-26,26-02-2015,official,https://www.invima.gov.co/productos-vigilados/medicamentos-y-productos-biologicos/sala-especializada-medicamentos-sintesis,listed,2026-09-01T21:04:26.464615+00:00,2026-09-01T21:04:26.464615+00:00,1,
2015-sempb-01-segunda-parte,Acta No 01 de 2015 SEMPB Segunda Parte,Acta 1 (Segunda parte),https://www.invima.gov.co/invima_website/static/attachments/medicamentos_sala_especializada_medicamentos_sintesis/Acta_20No._2001_20de_202015_20SEMPB_20SEGUNDA_20PARTE.pdf,2015,01,SEMPB,Segunda Parte,2015-02-16,16-02-2015,official,https://www.invima.gov.co/productos-vigilados/medicamentos-y-productos-biologicos/sala-especializada-medicamentos-sintesis,listed,2026-09-01T21:04:26.464615+00:00,2026-09-01T21:04:26.464615+00:00,1,
2015-sempb-02-completa,Acta No 02 de 2015 SEMPB,Acta 2,https://www.invima.gov.co/invima_website/static/attachments/medicamentos_sala_especializada_medicamentos_sintesis/Acta_20No._2002_20de_202015_20SEMPB.pdf,2015,02,SEMPB,,2015-03-17,17-03-2015,official,https://www.invima.gov.co/productos-vigilados/medicamentos-y-productos-biologicos/sala-especializada-medicamentos-sintesis,listed,2026-09-01T21:04:26.464615+00:00,2026-09-01T21:04:26.464615+00:00,1,
2015-sempb-03-primera-parte,Acta No 03 de 2015 SEMPB Primera Parte,Acta 3 (Primera parte),https://www.invima.gov.co/invima_website/static/attachments/medicamentos_sala_especializada_medicamentos_sintesis/acta_20no._2003_20de_202015_20sempb.pdf,2015,03,SEMPB,Primera Parte,2015-04-13,13-04-2015,official,https://www.invima.gov.co/productos-vigilados/medicamentos-y-productos-biologicos/sala-especializada-medicamentos-sintesis,listed,2026-09-01T21:04:26.464615+00:00,2026-09-01T21:04:26.464615+00:00,1,
2015-sempb-03-segunda-parte,Acta No 03 de 2015 SEMPB Segunda Parte,Acta 3 (Segunda parte),https://www.invima.gov.co/invima_website/static/attachments/medicamentos_sala_especializada_medicamentos_sintesis/Acta_20No._2003_20de_202015_20SEMPB_20SEGUNDA_20PARTE.pdf,2015,03,SEMPB,Segunda Parte,2015-04-17,17-04-2015,official,https://www.invima.gov.co/productos-vigilados/medicamentos-y-productos-biologicos/sala-especializada-medicamentos-sintesis,listed,2026-09-01T21:04:26.464615+00:00,2026-09-01T21:04:26.464615+00:00,1,
2015-sempb-04-primera-parte,Acta No 04 de 2015 SEMPB Primera Parte,Acta 4 (Primera parte),https://www.invima.gov.co/invima_website/static/attachments/medicamentos_sala_especializada_medicamentos_sintesis/Acta_20No._2004_20de_202015_20SEMPB_20Primera_20Parte.pdf,2015,04,SEMPB,Primera Parte,2015-03-27,27-03-2015,official,https://www.invima.gov.co/productos-vigilados/medicamentos-y-productos-biologicos/sala-especializada-medicamentos-sintesis,listed,2026-09-01T21:04:26.464615+00:00,2026-09-01T21:04:26.464615+00:00,1,
2015-sempb-04-segunda-parte,Acta No 04 de 2015 SEMPB Segunda Parte,Acta 4 (Segunda parte),https://www.invima.gov.co/invima_website/static/attachments/medicamentos_sala_especializada_medicamentos_sintesis/Acta_20No._2004_20de_202015_20SEMPB_20SEGUNDA_20PARTE_20.pdf,2015,04,SEMPB,Segunda Parte,2015-03-25,25-03-2015,official,https://www.invima.gov.co/productos-vigilados/medicamentos-y-productos-biologicos/sala-especializada-medicamentos-sintesis,listed,2026-09-01T21:04:26.464615+00:00,2026-09-01T21:04:26.464615+00:00,1,
2015-sempb-05-primera-parte,Acta No 05 de 2015 SEMPB Primera Parte,Acta 5 (Primera parte),https://www.invima.gov.co/invima_website/static/attachments/medicamentos_sala_especializada_medicamentos_sintesis/Acta_20No._2005_20de_202015_20SEMPB_20PRIMERA_20PARTE.pdf,2015,05,SEMPB,Primera Parte,2015-05-08,08-05-2015,official,https://www.invima.gov.co/productos-vigilados/medicamentos-y-productos-biologicos/sala-especializada-medicamentos-sintesis,listed,2026-09-01T21:04:26.464615+00:00,2026-09-01T21:04:26.464615+00:00,1,
2015-sempb-05-segunda-parte,Acta No 05 de 2015 SEMPB Segunda Parte,Acta 5 (Segunda parte),https://www.invima.gov.co/invima_website/static/attachments/medicamentos_sala_especializada_medicamentos_sintesis/Acta_20No._2005_20de_202015_20SEMPB_20SEGUNDA_20PARTE.pdf,2015,05,SEMPB,Segunda Parte,2015-04-23,23-04-2015,official,https://www.invima.gov.co/productos-vigilados/medicamentos-y-productos-biologicos/sala-especializada-medicamentos-sintesis,listed,2026-09-01T21:04:26.464615+00:00,2026-09-01T21:04:26.464615+00:00,1,
2015-sempb-06-completa,Acta No 06 de 2015 SEMPB,Acta 6,https://www.invima.gov.co/invima_website/static/attachments/medicamentos_sala_especializada_medicamentos_sintesis/Acta_20No._2006_20de_202015_20SEMPB.pdf,2015,06,SEMPB,,2015-05-11,11-05-2015,official,https://www.invima.gov.co/productos-vigilados/medicamentos-y-productos-biologicos/sala-especializada-medicamentos-sintesis,listed,2026-09-01T21:04:26.464615+00:00,2026-09-01T21:04:26.464615+00:00,1,
2015-sempb-07-completa,Acta No 07 de 2015 SEMPB,Acta 7,https://www.invima.gov.co/invima_website/static/attachments/medicamentos_sala_especializada_medicamentos_sintesis/Acta_20No._2007_20de_202015_20SEMPB_20final.doc.pdf,2015,07,SEMPB,,2015-06-09,09-06-2015,official,https://www.invima.gov.co/productos-vigilados/medicamentos-y-productos-biologicos/sala-especializada-medicamentos-sintesis,listed,2026-09-01T21:04:26.464615+00:00,2026-09-01T21:04:26.464615+00:00,1,
2015-sempb-08-completa,Acta No 08 de 2015 SEMPB,Acta 8,https://www.invima.gov.co/invima_website/static/attachments/medicamentos_sala_especializada_medicamentos_sintesis/Acta_20No._2008_20de_202015_20SEMPB.pdf,2015,08,SEMPB,,2015-06-10,10-06-2015,official,https://www.invima.gov.co/productos-vigilados/medicamentos-y-productos-biologicos/sala-especializada-medicamentos-sintesis,listed,2026-09-01T21:04:26.464615+00:00,2026-09-01T21:04:26.464615+00:00,1,
2015-sempb-09-primera-parte,Acta No 09 de 2015 SEMPB Primera Parte,Acta 9 (Primera parte),https://www.invima.gov.co/invima_website/static/attachments/medicamentos_sala_especializada_medicamentos_sintesis/Acta_20No._2009_20de_202015_20SEMPB_20Primera_20parte.pdf,2015,09,SEMPB,Primera Parte,2015-06-16,16-06-2015,official,https://www.invima.gov.co/productos-vigilados/medicamentos-y-productos-biologicos/sala-especializada-medicamentos-sintesis,listed,2026-09-01T21:04:26.464615+00:00,2026-09-01T21:04:26.464615+00:00,1,
2015-sempb-09-segunda-parte,Acta No 09 de 2015 SEMPB Segunda Parte,Acta 9 (Segunda parte),https://www.invima.gov.co/invima_website/static/attachments/medicamentos_sala_especializada_medicamentos_sintesis/Acta_20No._2009_20de_202015_20SEMPB_20Segunda_20Parte.pdf,2015,09,SEMPB,Segunda Parte,2015-05-25,25-05-2015,official,https://www.invima.gov.co/productos-vigilados/medicamentos-y-productos-biologicos/sala-especializada-medicamentos-sintesis,listed,2026-09-01T21:04:26.464615+00:00,2026-09-01T21:04:26.464615+00:00,1,
2015-sempb-10-completa,Acta No 10 de 2015 SEMPB,Acta 10,https://www.invima.gov.co/invima_website/static/attachments/medicamentos_sala_especializada_medicamentos_sintesis/Acta_20No._2010_20de_202015_20SEMPB.pdf,2015,10,SEMPB,,2015-07-08,08-07-2015,official,https://www.invima.gov.co/productos-vigilados/medicamentos-y-productos-biologicos/sala-especializada-medicamentos-sintesis,listed,2026-09-01T21:04:26.464615+00:00,2026-09-01T21:04:26.464615+00:00,1,
2015-sempb-11-primera-parte,Acta No 11 de 2015 SEMPB Primera Parte,Acta 11 (Primera parte),https://www.invima.gov.co/invima_website/static/attachments/medicamentos_sala_especializada_medicamentos_sintesis/Acta_20No._2011_20de_202015_20SEMPB_20PRIMERA_20PARTE.pdf,2015,11,SEMPB,Primera Parte,2015-07-10,10-07-2015,official,https://www.invima.gov.co/productos-vigilados/medicamentos-y-productos-biologicos/sala-especializada-medicamentos-sintesis,listed,2026-09-01T21:04:26.464615+00:00,2026-09-01T21:04:26.464615+00:00,1,
2015-sempb-11-segunda-parte,Acta No 11 de 2015 SEMPB Segunda Parte,Acta 11 (Segunda parte),https://www.invima.gov.co/invima_website/static/attachments/medicamentos_sala_especializada_medicamentos_sintesis/Acta_20No._2011_20de_202015_20SEMPB_20SEGUNDA_20PARTE.pdf,2015,11,SEMPB,Segunda Parte,2015-06-19,19-06-2015,official,https://www.invima.gov.co/productos-vigilados/medicamentos-y-productos-biologicos/sala-especializada-medicamentos-sintesis,listed,2026-09-01T21:04:26.464615+00:00,2026-09-01T21:04:26.464615+00:00,1,
2015-sempb-12-completa,Acta No 12 de 2015 SEMPB,Acta 12,https://www.invima.gov.co/invima_website/static/attachments/medicamentos_sala_especializada_medicamentos_sintesis/Acta_20No._2012_20de_202015_20SEMPB.pdf,2015,12,SEMPB,,2015-08-04,04-08-2015,official,https://www.invima.gov.co/productos-vigilados/medicamentos-y-productos-biologicos/sala-especializada-medicamentos-sintesis,listed,2026-09-01T21:04:26.464615+00:00,2026-09-01T21:04:26.464615+00:00,1,
2015-sempb-13-primera-parte,Acta No 13 de 2015 SEMPB Primera Parte,Acta 13 (Primera parte),https://www.invima.gov.co/invima_website/static/attachments/medicamentos_sala_especializada_medicamentos_sintesis/Acta_20No._2013_20de_202015_20PRIMERA_20PARTE.pdf,2015,13,SEMPB,Primera Parte,2015-08-04,04-08-2015,official,https://www.invima.gov.co/productos-vigilados/medicamentos-y-productos-biologicos/sala-especializada-medicamentos-sintesis,listed,2026-09-01T21:04:26.464615+00:00,2026-09-01T21:04:26.464615+00:00,1,
2015-sempb-13-segunda-parte,Acta No 13 de 2015 SEMPB Segunda Parte,Acta 13 (Segunda parte),https://www.invima.gov.co/invima_website/static/attachments/medicamentos_sala_especializada_medicamentos_sintesis/Acta_20No._2013_20de_202015_20SEMPB_20SEGUNDA_20PARTE.pdf,2015,13,SEMPB,Segunda Parte,2015-07-10,10-07-2015,official,https://www.invima.gov.co/productos-vigilados/medicamentos-y-productos-biologicos/sala-especializada-medicamentos-sintesis,listed,2026-09-01T21:04:26.464615+00:00,2026-09-01T21:04:26.464615+00:00,1,
2015-sempb-14-completa,Acta No 14 de 2015 SEMPB,Acta 14,https://www.invima.gov.co/invima_website/static/attachments/medicamentos_sala_especializada_medicamentos_sintesis/Acta_20No._2014_20de_202015_20SEMPB.pdf,2015,14,SEMPB,,2015-09-01,01-09-2015,official,https://www.invima.gov.co/productos-vigilados/medicamentos-y-productos-biologicos/sala-especializada-medicamentos-sintesis,listed,2026-09-01T21:04:26.464615+00:00,2026-09-01T21:04:26.464615+00:00,1,
2015-sempb-15-primera-parte,Acta No 15 de 2015 SEMPB Primera Parte,Acta 15 (Primera parte),https://www.invima.gov.co/invima_website/static/attachments/medicamentos_sala_especializada_medicamentos_sintesis/Acta_20No._2015_20de_202015_20SEMPB_20PRIMERA_20PARTE.pdf,2015,15,SEMPB,Primera Parte,2015-08-06,06-08-2015,official,https://www.invima.gov.co/productos-vigilados/medicamentos-y-productos-biologicos/sala-especializada-medicamentos-sintesis,listed,2026-09-01T21:04:26.464615+00:00,2026-09-01T21:04:26.464615+00:00,1,
2015-sempb-15-segunda-parte,Acta No 15 de 2015 SEMPB Segunda Parte,Acta 15 (Segunda parte),https://www.invima.gov.co/invima_website/static/attachments/medicamentos_sala_especializada_medicamentos_sintesis/Acta_20No._2015_20de_202015_20SEMPB_20SEGUNDA_20PARTE.pdf,2015,15,SEMPB,Segunda Parte,2015-08-02,02-08-2015,official,https://www.invima.gov.co/productos-vigilados/medicamentos-y-productos-biologicos/sala-especializada-medicamentos-sintesis,listed,2026-09-01T21:04:26.464615+00:00,2026-09-01T21:04:26.464615+00:00,1,
2015-sempb-16-completa,Acta No 16 de 2015 SEMPB,Acta 16,https://www.invima.gov.co/invima_website/static/attachments/medicamentos_sala_especializada_medicamentos_sintesis/Acta_20No._2016_20de_202015_20SEMPB.pdf,2015,16,SEMPB,,2015-09-02,02-09-2015,official,https://www.invima.gov.co/productos-vigilados/medicamentos-y-productos-biologicos/sala-especializada-medicamentos-sintesis,listed,2026-09-01T21:04:26.464615+00:00,2026-09-01T21:04:26.464615+00:00,1,
2015-sempb-17-completa,Acta No 17 de 2015 SEMPB,Acta 17,https://www.invima.gov.co/invima_website/static/attachments/medicamentos_sala_especializada_medicamentos_sintesis/Acta_20No._2017_20de_202015_20SEMPB.pdf,2015,17,SEMPB,,2015-09-25,25-09-2015,official,https://www.invima.gov.co/productos-vigilados/medicamentos-y-productos-biologicos/sala-especializada-medicamentos-sintesis,listed,2026-09-01T21:04:26.464615+00:00,2026-09-01T21:04:26.464615+00:00,1,
2015-sempb-18-primera-parte,Acta No 18 de 2015 SEMPB Primera Parte,Acta 18 (Primera parte),https://www.invima.gov.co/invima_website/static/attachments/medicamentos_sala_especializada_medicamentos_sintesis/Acta_20No._2018_20de_202015_20SEMPB_20PRIMERA_20PARTE.pdf,2015,18,SEMPB,Primera Parte,2015-09-25,25-09-2015,official,https://www.invima.gov.co/productos-vigilados/medicamentos-y-productos-biologicos/sala-especializada-medicamentos-sintesis,listed,2026-09-01T21:04:26.464615+00:00,2026-09-01T21:04:26.464615+00:00,1,
2015-sempb-18-segunda-parte,Acta No 18 de 2015 SEMPB Segunda Parte,Acta 18 (Segunda parte),https://www.invima.gov.co/invima_website/static/attachments/medicamentos_sala_especializada_medicamentos_sintesis/Acta_20No._2018_20de_202015_20SEMPB_20SEGUNDA_20PARTE.pdf,2015,18,SEMPB,Segunda Parte,2015-09-02,02-09-2015,official,https://www.invima.gov.co/productos-vigilados/medicamentos-y-productos-biologicos/sala-especializada-medicamentos-sintesis,listed,2026-09-01T21:04:26.464615+00:00,2026-09-01T21:04:26.464615+00:00,1,
2015-sempb-19-completa,Acta No 19 de 2015 SEMPB,Acta 19,https://www.invima.gov.co/invima_website/static/attachments/medicamentos_sala_especializada_medicamentos_sintesis/Acta_20No._2019_20de_202015_20SEMPB.pdf,2015,19,SEMPB,,2015-10-23,23-10-2015,official,https://www.invima.gov.co/productos-vigilados/medicamentos-y-productos-biologicos/sala-especializada-medicamentos-sintesis,listed,2026-09-01T21:04:26.464615+00:00,2026-09-01T21:04:26.464615+00:00,1,
2015-sempb-20-primera-parte,Acta No 20 de 2015 SEMPB Primera Parte,Acta 20 (Primera parte),https://www.invima.gov.co/invima_website/static/attachments/medicamentos_sala_especializada_medicamentos_sintesis/Acta_20No._2020_20de_202015_20SEMPB_20PRIMERA_20PARTE.pdf,2015,20,SEMPB,Primera Parte,2015-10-29,29-10-2015,official,https://www.invima.gov.co/productos-vigilados/medicamentos-y-productos-biologicos/sala-especializada-medicamentos-sintesis,listed,2026-09-01T21:04:26.464615+00:00,2026-09-01T21:04:26.464615+00:00,1,
2015-sempb-20-segunda-parte,Acta No 20 de 2015 SEMPB Segunda Parte,Acta 20 (Segunda parte),https://www.invima.gov.co/invima_website/static/attachments/medicamentos_sala_especializada_medicamentos_sintesis/Acta_20No._2020_20de_202015_20SEMPB_20SEGUNDA_20PARTE.pdf,2015,20,SEMPB,Segunda Parte,2015-10-06,06-10-2015,official,https://www.invima.gov.co/productos-vigilados/medicamentos-y-productos-biologicos/sala-especializada-medicamentos-sintesis,listed,2026-09-01T21:04:26.464615+00:00,2026-09-01T21:04:26.464615+00:00,1,
2015-sempb-21-completa,Acta No 21 de 2015 SEMPB,Acta 21,https://www.invima.gov.co/invima_website/static/attachments/medicamentos_sala_especializada_medicamentos_sintesis/Acta_20No._2021_20de_202015_20SEMPB.pdf,2015,21,SEMPB,,2015-11-24,24-11-2015,official,https://www.invima.gov.co/productos-vigilados/medicamentos-y-productos-biologicos/sala-especializada-medicamentos-sintesis,listed,2026-09-01T21:04:26.464615+00:00,2026-09-01T21:04:26.464615+00:00,1,
2015-sempb-22-primera-parte,Acta No 22 de 2015 SEMPB Primera Parte,Acta 22 (Primera parte),https://www.invima.gov.co/invima_website/static/attachments/medicamentos_sala_especializada_medicamentos_sintesis/ActaNo.22de2015SEMPBPRIMERAPARTE.pdf,2015,22,SEMPB,Primera Parte,2015-11-27,27-11-2015,official,https://www.invima.gov.co/productos-vigilados/medicamentos-y-productos-biologicos/sala-especializada-medicamentos-sintesis,listed,2026-09-01T21:04:26.464615+00:00,2026-09-01T21:04:26.464615+00:00,1,
2015-sempb-22-segunda-parte,Acta No 22 de 2015 SEMPB Segunda Parte,Acta 22 (Segunda parte),https://www.invima.gov.co/invima_website/static/attachments/medicamentos_sala_especializada_medicamentos_sintesis/Acta_20No._2022_20de_202015_20SEMPB_20SEGUNDA_20PARTE.pdf,2015,22,SEMPB,Segunda Parte,2015-11-10,10-11-2015,official,https://www.invima.gov.co/productos-vigilados/medicamentos-y-productos-biologicos/sala-especializada-medicamentos-sintesis,listed,2026-09-01T21:04:26.464615+00:00,2026-09-01T21:04:26.464615+00:00,1,
2015-sempb-23-completa,Acta No 23 de 2015 SEMPB,Acta 23,https://www.invima.gov.co/invima_website/static/attachments/medicamentos_sala_especializada_medicamentos_sintesis/ActaNo23de2015SEMPB.pdf,2015,23,SEMPB,,2015-12-22,22-12-2015,official,https://www.invima.gov.co/productos-vigilados/medicamentos-y-productos-biologicos/sala-especializada-medicamentos-sintesis,listed,2026-09-01T21:04:26.464615+00:00,2026-09-01T21:04:26.464615+00:00,1,
2015-sempb-24-primera-parte,Acta No 24 de 2015 SEMPB Primera Parte,Acta 24 (Primera parte),https://www.invima.gov.co/invima_website/static/attachments/medicamentos_sala_especializada_medicamentos_sintesis/ActaNo24de2015.pdf,2015,24,SEMPB,Primera Parte,2015-12-28,28-12-2015,official,https://www.invima.gov.co/productos-vigilados/medicamentos-y-productos-biologicos/sala-especializada-medicamentos-sintesis,listed,2026-09-01T21:04:26.464615+00:00,2026-09-01T21:04:26.464615+00:00,1,
2015-sempb-24-segunda-parte,Acta No 24 de 2015 SEMPB Segunda Parte,Acta 24 (Segunda parte),https://www.invima.gov.co/invima_website/static/attachments/medicamentos_sala_especializada_medicamentos_sintesis/ActaNo24de2015SEMPBSEGUNDAPARTE.pdf,2015,24,SEMPB,Segunda Parte,2015-12-09,09-12-2015,official,https://www.invima.gov.co/productos-vigilados/medicamentos-y-productos-biologicos/sala-especializada-medicamentos-sintesis,listed,2026-09-01T21:04:26.464615+00:00,2026-09-01T21:04:26.464615+00:00,1,
2015-sempb-25-completa,Acta No 25 de 2015 SEMPB,Acta 25,https://www.invima.gov.co/invima_website/static/attachments/medicamentos_sala_especializada_medicamentos_sintesis/ActaNo25de2015SEMPB.pdf,2015,25,SEMPB,,2016-01-12,12-01-2016,official,https://www.invima.gov.co/productos-vigilados/medicamentos-y-productos-biologicos/sala-especializada-medicamentos-sintesis,listed,2026-09-01T21:04:26.464615+00:00,2026-09-01T21:04:26.464615+00:00,1,
2015-sempb-26-primera-parte,Acta No 26 de 2015 SEMPB Primera Parte,Acta 26 (Primera parte),https://www.invima.gov.co/invima_website/static/attachments/medicamentos_sala_especializada_medicamentos_sintesis/ActaNo26de2015SEMPBPRIMERAPARTE.pdf,2015,26,SEMPB,Primera Parte,2016-01-12,12-01-2016,official,https://www.invima.gov.co/productos-vigilados/medicamentos-y-productos-biologicos/sala-especializada-medicamentos-sintesis,listed,2026-09-01T21:04:26.464615+00:00,2026-09-01T21:04:26.464615+00:00,1,
2015-sempb-26-segunda-parte,Acta No 26 de 2015 SEMPB Segunda Parte,Acta 26 (Segunda parte),https://www.invima.gov.co/invima_website/static/attachments/medicamentos_sala_especializada_medicamentos_sintesis/ActaNo26de2015DiciembreVirtualSegundaparte.pdf,2015,26,SEMPB,Segunda Parte,2015-12-22,22-12-2015,official,https://www.invima.gov.co/productos-vigilados/medicamentos-y-productos-biologicos/sala-especializada-medicamentos-sintesis,listed,2026-09-01T21:04:26.464615+00:00,2026-09-01T21:04:26.464615+00:00,1,
2015-sempb-27-completa,Acta No 27 de 2015 SEMPB,Acta 27,https://www.invima.gov.co/invima_website/static/attachments/medicamentos_sala_especializada_medicamentos_sintesis/ActaNo27de2015SEMPB.pdf,2015,27,SEMPB,,2016-01-20,20-01-2016,official,https://www.invima.gov.co/productos-vigilados/medicamentos-y-productos-biologicos/sala-especializada-medicamentos-sintesis,listed,2026-09-01T21:04:26.464615+00:00,2026-09-01T21:04:26.464615+00:00,1,
2015-sempb-28-completa,Acta No 28 de 2015 SEMPB,Acta 28,https://www.invima.gov.co/invima_website/static/attachments/medicamentos_sala_especializada_medicamentos_sintesis/ActaNo28de2015SEMPB.pdf,2015,28,SEMPB,,2016-01-21,21-01-2016,official,https://www.invima.gov.co/productos-vigilados/medicamentos-y-productos-biologicos/sala-especializada-medicamentos-sintesis,listed,2026-09-01T21:04:26.464615+00:00,2026-09-01T21:04:26.464615+00:00,1,
2016-sempb-01-completa,Acta No 01 de 2016 SEMPB,Acta 1,https://www.invima.gov.co/invima_website/static/attachments/medicamentos_sala_especializada_medicamentos_sintesis/ActaNo01de2016SEMPB.pdf,2016,01,SEMPB,,2015-01-28,28-01-2015,official,https://www.invima.gov.co/productos-vigilados/medicamentos-y-productos-biologicos/sala-especializada-medicamentos-sintesis,listed,2026-09-01T21:04:26.464615+00:00,2026-09-01T21:04:26.464615+00:00,1,
2016-sempb-02-primera-parte,Acta No 02 de 2016 SEMPB Primera Parte,Acta 2 (Primera Parte),https://www.invima.gov.co/invima_website/static/attachments/medicamentos_sala_especializada_medicamentos_sintesis/Acta_20No._2002_20de_202016_20SEMPB_20PRIMERA_20PARTE.pdf,2016,02,SEMPB,Primera Parte,2016-03-11,11-03-2016,official,https://www.invima.gov.co/productos-vigilados/medicamentos-y-productos-biologicos/sala-especializada-medicamentos-sintesis,listed,2026-09-01T21:04:26.464615+00:00,2026-09-01T21:04:26.464615+00:00,1,
2016-sempb-02-segunda-parte,Acta No 02 de 2016 SEMPB Segunda Parte,Acta 2 (Segunda Parte),https://www.invima.gov.co/invima_website/static/attachments/medicamentos_sala_especializada_medicamentos_sintesis/ActaNo02de2016SEMPBSEGUNDAPARTE.pdf,2016,02,SEMPB,Segunda Parte,2015-02-22,22-02-2015,official,https://www.invima.gov.co/productos-vigilados/medicamentos-y-productos-biologicos/sala-especializada-medicamentos-sintesis,listed,2026-09-01T21:04:26.464615+00:00,2026-09-01T21:04:26.464615+00:00,1,
2016-sempb-03-completa,Acta No 03 de 2016 SEMPB,Acta 3,https://www.invima.gov.co/invima_website/static/attachments/medicamentos_sala_especializada_medicamentos_sintesis/ActaNo03de2016SEMPB.pdf,2016,03,SEMPB,,2016-03-17,17-03-2016,official,https://www.invima.gov.co/productos-vigilados/medicamentos-y-productos-biologicos/sala-especializada-medicamentos-sintesis,listed,2026-09-01T21:04:26.464615+00:00,2026-09-01T21:04:26.464615+00:00,1,
2016-sempb-04-completa,Acta No 04 de 2016 SEMPB,Acta 4,https://www.invima.gov.co/invima_website/static/attachments/medicamentos_sala_especializada_medicamentos_sintesis/ActaNo04de2016SEMPB.pdf,2016,04,SEMPB,,2016-03-18,18-03-2016,official,https://www.invima.gov.co/productos-vigilados/medicamentos-y-productos-biologicos/sala-especializada-medicamentos-sintesis,listed,2026-09-01T21:04:26.464615+00:00,2026-09-01T21:04:26.464615+00:00,1,
2016-sempb-05-primera-parte,Acta No 05 de 2016 SEMPB Primera Parte,Acta 5 (Primera parte),https://www.invima.gov.co/invima_website/static/attachments/medicamentos_sala_especializada_medicamentos_sintesis/ActaNo05de2015SEMPBPRIMERAPARTE.pdf,2016,05,SEMPB,Primera Parte,2016-03-18,18-03-2016,official,https://www.invima.gov.co/productos-vigilados/medicamentos-y-productos-biologicos/sala-especializada-medicamentos-sintesis,listed,2026-09-01T21:04:26.464615+00:00,2026-09-01T21:04:26.464615+00:00,1,
2016-sempb-05-segunda-parte,Acta No 05 de 2016 SEMPB Segunda Parte,Acta 5 (Segunda parte),https://www.invima.gov.co/invima_website/static/attachments/medicamentos_sala_especializada_medicamentos_sintesis/ActaNo05de2016SEMPBSEGUNDAPARTE.pdf,2016,05,SEMPB,Segunda Parte,2016-04-12,12-04-2016,official,https://www.invima.gov.co/productos-vigilados/medicamentos-y-productos-biologicos/sala-especializada-medicamentos-sintesis,listed,2026-09-01T21:04:26.464615+00:00,2026-09-01T21:04:26.464615+00:00,1,
2016-sempb-06-primera-parte,Acta No 06 de 2016 SEMPB Primera Parte,Acta 6 (Primera parte),https://www.invima.gov.co/invima_website/static/attachments/medicamentos_sala_especializada_medicamentos_sintesis/ActaNo06de2016SEMPBPRIMERAPARTE.pdf,2016,06,SEMPB,Primera Parte,2016-04-18,18-04-2016,official,https://www.invima.gov.co/productos-vigilados/medicamentos-y-productos-biologicos/sala-especializada-medicamentos-sintesis,listed,2026-09-01T21:04:26.464615+00:00,2026-09-01T21:04:26.464615+00:00,1,
2016-sempb-06-segunda-parte,Acta No 06 de 2016 SEMPB Segunda Parte,Acta 6 (Segunda parte),https://www.invima.gov.co/invima_website/static/attachments/medicamentos_sala_especializada_medicamentos_sintesis/ActaNo06de2016SEMPBSEGUNDAPARTE.pdf,2016,06,SEMPB,Segunda Parte,2016-03-18,18-03-2016,official,https://www.invima.gov.co/productos-vigilados/medicamentos-y-productos-biologicos/sala-especializada-medicamentos-sintesis,listed,2026-09-01T21:04:26.464615+00:00,2026-09-01T21:04:26.464615+00:00,1,
2016-sempb-07-primera-parte,Acta No 07 de 2016 SEMPB Primera Parte,Acta 7 (Primera parte),https://www.invima.gov.co/invima_website/static/attachments/medicamentos_sala_especializada_medicamentos_sintesis/Acta_No._07_de_2016_SEMPB_PRIMERA_PARTE.pdf,2016,07,SEMPB,Primera Parte,2016-04-07,07-04-2016,official,https://www.invima.gov.co/productos-vigilados/medicamentos-y-productos-biologicos/sala-especializada-medicamentos-sintesis,listed,2026-09-01T21:04:26.464615+00:00,2026-09-01T21:04:26.464615+00:00,1,
2016-sempb-07-segunda-parte,Acta No 07 de 2016 SEMPB Segunda Parte,Acta 7 (Segunda parte),https://www.invima.gov.co/invima_website/static/attachments/medicamentos_sala_especializada_medicamentos_sintesis/Acta-No-07-de-2016-SEMPB-SEGUNDA-PARTE.pdf,2016,07,SEMPB,Segunda Parte,2016-04-04,04-04-2016,official,https://www.invima.gov.co/productos-vigilados/medicamentos-y-productos-biologicos/sala-especializada-medicamentos-sintesis,listed,2026-09-01T21:04:26.464615+00:00,2026-09-01T21:04:26.464615+00:00,1,
2016-sempb-08-completa,Acta No 08 de 2016 SEMPB,Acta 8,https://www.invima.gov.co/invima_website/static/attachments/medicamentos_sala_especializada_medicamentos_sintesis/Acta_No_08_de_2016_SEMPB.pdf,2016,08,SEMPB,,2015-05-13,13-05-2015,official,https://www.invima.gov.co/productos-vigilados/medicamentos-y-productos-biologicos/sala-especializada-medicamentos-sintesis,listed,2026-09-01T21:04:26.464615+00:00,2026-09-01T21:04:26.464615+00:00,1,
2016-sempb-09-primera-parte,Acta No 09 de 2016 SEMPB Primera Parte,Acta 9 (Primera parte),https://www.invima.gov.co/invima_website/static/attachments/medicamentos_sala_especializada_medicamentos_sintesis/Acta-No-09-de-2016-Abril-Virtual-Primera-parte.pdf,2016,09,SEMPB,Primera Parte,2016-06-13,13-06-2016,official,https://www.invima.gov.co/productos-vigilados/medicamentos-y-productos-biologicos/sala-especializada-medicamentos-sintesis,listed,2026-09-01T21:04:26.464615+00:00,2026-09-01T21:04:26.464615+00:00,1,
2016-sempb-09-segunda-parte,Acta No 09 de 2016 SEMPB Segunda Parte,Acta 9 (Segunda Parte),https://www.invima.gov.co/invima_website/static/attachments/medicamentos_sala_especializada_medicamentos_sintesis/ActaNo09de2016SEMPBSEGUNDAPARTE.pdf,2016,09,SEMPB,Segunda Parte,2015-05-23,23-05-2015,official,https://www.invima.gov.co/productos-vigilados/medicamentos-y-productos-biologicos/sala-especializada-medicamentos-sintesis,listed,2026-09-01T21:04:26.464615+00:00,2026-09-01T21:04:26.464615+00:00,1,
2016-sempb-10-completa,Acta No 10 de 2016 SEMPB,Acta 10,https://www.invima.gov.co/invima_website/static/attachments/medicamentos_sala_especializada_medicamentos_sintesis/ActaNo10de2016SEMPB.pdf,2016,10,SEMPB,,2016-06-07,07-06-2016,official,https://www.invima.gov.co/productos-vigilados/medicamentos-y-productos-biologicos/sala-especializada-medicamentos-sintesis,listed,2026-09-01T21:04:26.464615+00:00,2026-09-01T21:04:26.464615+00:00,1,
2016-sempb-11-completa,Acta No 11 de 2016 SEMPB,Acta 11,https://www.invima.gov.co/invima_website/static/attachments/medicamentos_sala_especializada_medicamentos_sintesis/ActaNo11de2016SEMPB.pdf,2016,11,SEMPB,,2016-06-08,08-06-2016,official,https://www.invima.gov.co/productos-vigilados/medicamentos-y-productos-biologicos/sala-especializada-medicamentos-sintesis,listed,2026-09-01T21:04:26.464615+00:00,2026-09-01T21:04:26.464615+00:00,1,
2016-sempb-12-completa,Acta No 12 de 2016 SEMPB,Acta 12,https://www.invima.gov.co/invima_website/static/attachments/medicamentos_sala_especializada_medicamentos_sintesis/Acta-No-12-de-2016-SEMPB.pdf,2016,12,SEMPB,,2016-07-05,05-07-2016,official,https://www.invima.gov.co/productos-vigilados/medicamentos-y-productos-biologicos/sala-especializada-medicamentos-sintesis,listed,2026-09-01T21:04:26.464615+00:00,2026-09-01T21:04:26.464615+00:00,1,
2016-sempb-13-primera-parte,Acta No 13 de 2016 SEMPB Primera Parte,Acta 13 (Primera parte),https://www.invima.gov.co/invima_website/static/attachments/medicamentos_sala_especializada_medicamentos_sintesis/ActaN13de2016VirtualPrimeraparte.pdf,2016,13,SEMPB,Primera Parte,2016-07-13,13/07/2016,official,https://www.invima.gov.co/productos-vigilados/medicamentos-y-productos-biologicos/sala-especializada-medicamentos-sintesis,listed,2026-09-01T21:04:26.464615+00:00,2026-09-01T21:04:26.464615+00:00,1,
2016-sempb-13-segunda-parte,Acta No 13 de 2016 SEMPB Segunda Parte,Acta 13 (Segunda parte),https://www.invima.gov.co/invima_website/static/attachments/medicamentos_sala_especializada_medicamentos_sintesis/Acta-No-13-de-2016-Mayo-Virtual-Segunda-parte.pdf,2016,13,SEMPB,Segunda Parte,2016-06-13,13-06-2016,official,https://www.invima.gov.co/productos-vigilados/medicamentos-y-productos-biologicos/sala-especializada-medicamentos-sintesis,listed,2026-09-01T21:04:26.464615+00:00,2026-09-01T21:04:26.464615+00:00,1,
2016-sempb-14-completa,Acta No 14 de 2016 SEMPB,Acta 14,https://www.invima.gov.co/invima_website/static/attachments/medicamentos_sala_especializada_medicamentos_sintesis/ActaNo14de2016SEMPB.pdf,2016,14,SEMPB,,2016-07-06,06-07-2016,official,https://www.invima.gov.co/productos-vigilados/medicamentos-y-productos-biologicos/sala-especializada-medicamentos-sintesis,listed,2026-09-01T21:04:26.464615+00:00,2026-09-01T21:04:26.464615+00:00,1,
2016-sempb-15-completa,Acta No 15 de 2016 SEMPB,Acta 15,https://www.invima.gov.co/invima_website/static/attachments/medicamentos_sala_especializada_medicamentos_sintesis/Acta-No-15-de-2016-SEMPB.pdf,2016,15,SEMPB,,2016-08-01,01/08/2016,official,https://www.invima.gov.co/productos-vigilados/medicamentos-y-productos-biologicos/sala-especializada-medicamentos-sintesis,listed,2026-09-01T21:04:26.464615+00:00,2026-09-01T21:04:26.464615+00:00,1,
2016-sempb-16-primera-parte,Acta No 16 de 2016 SEMPB Primera Parte,Acta 16 (Primera parte),https://www.invima.gov.co/invima_website/static/attachments/medicamentos_sala_especializada_medicamentos_sintesis/ActaNo16Primeraparte.pdf,2016,16,SEMPB,Primera Parte,2016-08-09,09/08/2016,official,https://www.invima.gov.co/productos-vigilados/medicamentos-y-productos-biologicos/sala-especializada-medicamentos-sintesis,listed,2026-09-01T21:04:26.464615+00:00,2026-09-01T21:04:26.464615+00:00,1,
2016-sempb-16-segunda-parte,Acta No 16 de 2016 SEMPB Segunda Parte,Acta 16 (Segunda Parte),https://www.invima.gov.co/invima_website/static/attachments/medicamentos_sala_especializada_medicamentos_sintesis/ActaNo16de2016VirtualSegundaparte.pdf,2016,16,SEMPB,Segunda Parte,2016-07-13,13/07/2016,official,https://www.invima.gov.co/productos-vigilados/medicamentos-y-productos-biologicos/sala-especializada-medicamentos-sintesis,listed,2026-09-01T21:04:26.464615+00:00,2026-09-01T21:04:26.464615+00:00,1,
2016-sempb-17-completa,Acta No 17 de 2016 SEMPB,Acta 17,https://www.invima.gov.co/invima_website/static/attachments/medicamentos_sala_especializada_medicamentos_sintesis/Acta-No-17-de-2016-SEMPB.pdf,2016,17,SEMPB,,2016-08-08,08/08/2016,official,https://www.invima.gov.co/productos-vigilados/medicamentos-y-productos-biologicos/sala-especializada-medicamentos-sintesis,listed,2026-09-01T21:04:26.464615+00:00,2026-09-01T21:04:26.464615+00:00,1,
2016-sempb-18-completa,Acta No 18 de 2016 SEMPB,Acta No. 18 de 2016 SEMPB,https://www.invima.gov.co/invima_website/static/attachments/medicamentos_sala_especializada_medicamentos_sintesis/Acta-No-18-de-2016-SEMPB.pdf,2016,18,SEMPB,,2016-08-29,29/08/2016,official,https://www.invima.gov.co/productos-vigilados/medicamentos-y-productos-biologicos/sala-especializada-medicamentos-sintesis,listed,2026-09-01T21:04:26.464615+00:00,2026-09-01T21:04:26.464615+00:00,1,
2016-sempb-19-completa,Acta No 19 de 2016 SEMPB,Acta No. 19 de 2016 SEMPB,https://www.invima.gov.co/invima_website/static/attachments/medicamentos_sala_especializada_medicamentos_sintesis/Acta-No-19-de-2016-SEMPB.pdf,2016,19,SEMPB,,2016-09-05,05/09/2016,official,https://www.invima.gov.co/productos-vigilados/medicamentos-y-productos-biologicos/sala-especializada-medicamentos-sintesis,listed,2026-09-01T21:04:26.464615+00:00,2026-09-01T21:04:26.464615+00:00,1,
2016-sempb-20-primera-parte,Acta No 20 de 2016 SEMPB Primera Parte,Acta No. 20 de 2016 SEMPB (Primera Parte),https://www.invima.gov.co/invima_website/static/attachments/medicamentos_sala_especializada_medicamentos_sintesis/Acta-No-20-de-2016-Segunda-parte-SEMPB.pdf,2016,20,SEMPB,Primera Parte,2016-09-23,23/09/2016,official,https://www.invima.gov.co/productos-vigilados/medicamentos-y-productos-biologicos/sala-especializada-medicamentos-sintesis,listed,2026-09-01T21:04:26.464615+00:00,2026-09-01T21:04:26.464615+00:00,1,
2016-sempb-20-segunda-parte,Acta No 20 de 2016 SEMPB Segunda Parte,Acta No. 20 de 2016 SEMPB (Segunda Parte),https://www.invima.gov.co/invima_website/static/attachments/medicamentos_sala_especializada_medicamentos_sintesis/Acta-No-20-de-2016-Segunda-parte-SEMPB.pdf,2016,20,SEMPB,Segunda Parte,2016-09-05,05/09/2016,official,https://www.invima.gov.co/productos-vigilados/medicamentos-y-productos-biologicos/sala-especializada-medicamentos-sintesis,listed,2026-09-01T21:04:26.464615+00:00,2026-09-01T21:04:26.464615+00:00,1,
2016-sempb-21-primera-parte,Acta No 21 de 2016 SEMPB Primera Parte,Acta No. 21 de 2016 SEMPB (Primera Parte),https://www.invima.gov.co/invima_website/static/attachments/medicamentos_sala_especializada_medicamentos_sintesis/Acta-No-21-de-2016-Primera-Parte-SEMPB.pdf,2016,21,SEMPB,Primera Parte,2016-09-30,30/09/2016,official,https://www.invima.gov.co/productos-vigilados/medicamentos-y-productos-biologicos/sala-especializada-medicamentos-sintesis,listed,2026-09-01T21:04:26.464615+00:00,2026-09-01T21:04:26.464615+00:00,1,
2016-sempb-21-segunda-parte,Acta No 21 de 2016 SEMPB Segunda Parte,Acta No. 21 de 2016 SEMPB (Segunda Parte),https://www.invima.gov.co/invima_website/static/attachments/medicamentos_sala_especializada_medicamentos_sintesis/Acta-No-21-de-2016-Segunda-Parte-SEMPB.pdf,2016,21,SEMPB,Segunda Parte,2016-09-27,27/09/2016,official,https://www.invima.gov.co/productos-vigilados/medicamentos-y-productos-biologicos/sala-especializada-medicamentos-sintesis,listed,2026-09-01T21:04:26.464615+00:00,2026-09-01T21:04:26.464615+00:00,1,
2016-sempb-22-primera-parte,Acta No 22 de 2016 SEMPB Primera Parte,Acta No. 22 de 2016 SEMPB (Primera Parte),https://www.invima.gov.co/invima_website/static/attachments/medicamentos_sala_especializada_medicamentos_sintesis/Acta-No-22-de-2016-Primera-parte-SEMPB.pdf,2016,22,SEMPB,Primera Parte,2016-10-21,21/10/2016,official,https://www.invima.gov.co/productos-vigilados/medicamentos-y-productos-biologicos/sala-especializada-medicamentos-sintesis,listed,2026-09-01T21:04:26.464615+00:00,2026-09-01T21:04:26.464615+00:00,1,
2016-sempb-22-segunda-parte,Acta No 22 de 2016 SEMPB Segunda Parte,Acta No. 22 de 2016 SEMPB (Segunda Parte),https://www.invima.gov.co/invima_website/static/attachments/medicamentos_sala_especializada_medicamentos_sintesis/Acta-No-22-de-2016-Segunda-parte-SEMPB.pdf,2016,22,SEMPB,Segunda Parte,2016-10-14,14/10/2016,official,https://www.invima.gov.co/productos-vigilados/medicamentos-y-productos-biologicos/sala-especializada-medicamentos-sintesis,listed,2026-09-01T21:04:26.464615+00:00,2026-09-01T21:04:26.464615+00:00,1,
2016-sempb-23-completa,Acta No 23 de 2016 SEMPB,Acta No. 23 de 2016 SEMPB,https://www.invima.gov.co/invima_website/static/attachments/medicamentos_sala_especializada_medicamentos_sintesis/Acta-No-23-de-2016-SEMPB.pdf,2016,23,SEMPB,,2016-10-31,31/10/2016,official,https://www.invima.gov.co/productos-vigilados/medicamentos-y-productos-biologicos/sala-especializada-medicamentos-sintesis,listed,2026-09-01T21:04:26.464615+00:00,2026-09-01T21:04:26.464615+00:00,1,
2016-sempb-24-primera-parte,Acta No 24 de 2016 SEMPB Primera Parte,Acta No. 24 de 2016 SEMPB (Primera Parte),https://www.invima.gov.co/invima_website/static/attachments/medicamentos_sala_especializada_medicamentos_sintesis/Acta-No-24-Primera-Parte-de-2016-SEMPB.pdf,2016,24,SEMPB,Primera Parte,2016-11-22,22/11/2016,official,https://www.invima.gov.co/productos-vigilados/medicamentos-y-productos-biologicos/sala-especializada-medicamentos-sintesis,listed,2026-09-01T21:04:26.464615+00:00,2026-09-01T21:04:26.464615+00:00,1,
2016-sempb-24-segunda-parte,Acta No 24 de 2016 SEMPB Segunda Parte,Acta No. 24 de 2016 SEMPB (Segunda Parte),https://www.invima.gov.co/invima_website/static/attachments/medicamentos_sala_especializada_medicamentos_sintesis/Acta-No-24-de-2016-Segunda-parte-SEMPB.pdf,2016,24,SEMPB,Segunda Parte,2016-10-12,12/10/2016,official,https://www.invima.gov.co/productos-vigilados/medicamentos-y-productos-biologicos/sala-especializada-medicamentos-sintesis,listed,2026-09-01T21:04:26.464615+00:00,2026-09-01T21:04:26.464615+00:00,1,
2016-sempb-25-completa,Acta No 25 de 2016 SEMPB,Acta No. 25 de 2016 SEMPB,https://www.invima.gov.co/invima_website/static/attachments/medicamentos_sala_especializada_medicamentos_sintesis/Acta-No-25-de-2016-SEMPB.pdf,2016,25,SEMPB,,2016-11-16,16/11/2016,official,https://www.invima.gov.co/productos-vigilados/medicamentos-y-productos-biologicos/sala-especializada-medicamentos-sintesis,listed,2026-09-01T21:04:26.464615+00:00,2026-09-01T21:04:26.464615+00:00,1,
2016-sempb-26-completa,Acta No 26 de 2016 SEMPB,Acta No. 26 de 2016 SEMPB,https://www.invima.gov.co/invima_website/static/attachments/medicamentos_sala_especializada_medicamentos_sintesis/Acta-No-26-de-2016-SEMPB.pdf,2016,26,SEMPB,,2016-11-30,30/11/2016,official,https://www.invima.gov.co/productos-vigilados/medicamentos-y-productos-biologicos/sala-especializada-medicamentos-sintesis,listed,2026-09-01T21:04:26.464615+00:00,2026-09-01T21:04:26.464615+00:00,1,
2016-sempb-27-completa,Acta No 27 de 2016 SEMPB,Acta No. 27 de 2016 SEMPB,https://www.invima.gov.co/invima_website/static/attachments/medicamentos_sala_especializada_medicamentos_sintesis/Acta-No.-27-de-2016-SEMPB.pdf,2016,27,SEMPB,,2016-12-20,20/12/2016,official,https://www.invima.gov.co/productos-vigilados/medicamentos-y-productos-biologicos/sala-especializada-medicamentos-sintesis,listed,2026-09-01T21:04:26.464615+00:00,2026-09-01T21:04:26.464615+00:00,1,
2016-sempb-28-completa,Acta No 28 de 2016 SEMPB,Acta No. 28 de 2016 SEMPB,https://www.invima.gov.co/invima_website/static/attachments/medicamentos_sala_especializada_medicamentos_sintesis/Acta-No.-28-de-2016_SEMPB.pdf,2016,28,SEMPB,,2016-12-27,27/12/2016,official,https://www.invima.gov.co/productos-vigilados/medicamentos-y-productos-biologicos/sala-especializada-medicamentos-sintesis,listed,2026-09-01T21:04:26.464615+00:00,2026-09-01T21:04:26.464615+00:00,1,
2016-sempb-29-completa,Acta No 29 de 2016 SEMPB,Acta No. 29 de 2016 SEMPB,https://www.invima.gov.co/invima_website/static/attachments/medicamentos_sala_especializada_medicamentos_sintesis/Acta-No-29-de-2016-SEMPB.pdf,2016,29,SEMPB,,2017-01-10,10/01/2017,official,https://www.invima.gov.co/productos-vigilados/medicamentos-y-productos-biologicos/sala-especializada-medicamentos-sintesis,listed,2026-09-01T21:04:26.464615+00:00,2026-09-01T21:04:26.464615+00:00,1,
2016-sempb-30-completa,Acta No 30 de 2016 SEMPB,Acta No. 30 de 2016 SEMPB,https://www.invima.gov.co/invima_website/static/attachments/medicamentos_sala_especializada_medicamentos_sintesis/Acta-No-30-de-2016-SEMPB.pdf,2016,30,SEMPB,,2017-02-02,02/02/2017,official,https://www.invima.gov.co/productos-vigilados/medicamentos-y-productos-biologicos/sala-especializada-medicamentos-sintesis,listed,2026-09-01T21:04:26.464615+00:00,2026-09-01T21:04:26.464615+00:00,1,
2017-sem-01-primera-parte,Acta No 01 de 2017 SEM Primera Parte,Acta No. 01 de 2017 SEM (Primera Parte),https://www.invima.gov.co/invima_website/static/attachments/medicamentos_sala_especializada_medicamentos_sintesis/Acta-No-01-de-2017-SEM.pdf,2017,01,SEM,Primera Parte,2017-10-03,03/10/2017,official,https://www.invima.gov.co/productos-vigilados/medicamentos-y-productos-biologicos/sala-especializada-medicamentos-sintesis,listed,2026-09-01T21:04:26.464615+00:00,2026-09-01T21:04:26.464615+00:00,1,
2017-sem-02-primera-parte,Acta No 02 de 2017 SEM Primera Parte,Acta No. 02 de 2017 SEM (Primera Parte),https://www.invima.gov.co/invima_website/static/attachments/medicamentos_sala_especializada_medicamentos_sintesis/Acta-No-02-de-2017-SEM-Primera-Parte.pdf,2017,02,SEM,Primera Parte,2017-10-03,03/10/2017,official,https://www.invima.gov.co/productos-vigilados/medicamentos-y-productos-biologicos/sala-especializada-medicamentos-sintesis,listed,2026-09-01T21:04:26.464615+00:00,2026-09-01T21:04:26.464615+00:00,1,
2017-sem-02-segunda-parte,Acta No 02 de 2017 SEM Segunda Parte,Acta No. 02 de 2017 SEM (Segunda Parte),https://www.invima.gov.co/invima_website/static/attachments/medicamentos_sala_especializada_medicamentos_sintesis/Acta-No.-02-de-2017-SEM-Segunda-Parte.pdf,2017,02,SEM,Segunda Parte,2017-10-31,31/10/2017,official,https://www.invima.gov.co/productos-vigilados/medicamentos-y-productos-biologicos/sala-especializada-medicamentos-sintesis,listed,2026-09-01T21:04:26.464615+00:00,2026-09-01T21:04:26.464615+00:00,1,
2017-sem-03-primera-parte,Acta No 03 de 2017 SEM Primera Parte,Acta No. 03 de 2017 SEM (Primera Parte),https://www.invima.gov.co/invima_website/static/attachments/medicamentos_sala_especializada_medicamentos_sintesis/Acta-No-03-de-2017-SEM-Primera-Parte.pdf,2017,03,SEM,Primera Parte,2017-11-29,29/11/2017,official,https://www.invima.gov.co/productos-vigilados/medicamentos-y-productos-biologicos/sala-especializada-medicamentos-sintesis,listed,2026-09-01T21:04:26.464615+00:00,2026-09-01T21:04:26.464615+00:00,1,
2017-sem-03-segunda-parte,Acta No 03 de 2017 SEM Segunda Parte,Acta No. 03 de 2017 SEM (Segunda Parte),https://www.invima.gov.co/invima_website/static/attachments/medicamentos_sala_especializada_medicamentos_sintesis/Acta-No-03-de-2017-SEM-Segunda-Parte.pdf,2017,03,SEM,Segunda Parte,2017-11-30,30/11/2017,official,https://www.invima.gov.co/productos-vigilados/medicamentos-y-productos-biologicos/sala-especializada-medicamentos-sintesis,listed,2026-09-01T21:04:26.464615+00:00,2026-09-01T21:04:26.464615+00:00,1,
2017-sem-04-primera-parte,Acta No 04 de 2017 SEM Primera Parte,Acta No. 04 de 2017 SEM (Primera Parte),https://www.invima.gov.co/invima_website/static/attachments/medicamentos_sala_especializada_medicamentos_sintesis/Acta-No-04-de-2017-SEM-Primera-Parte.pdf,2017,04,SEM,Primera Parte,2017-12-22,22/12/2017,official,https://www.invima.gov.co/productos-vigilados/medicamentos-y-productos-biologicos/sala-especializada-medicamentos-sintesis,listed,2026-09-01T21:04:26.464615+00:00,2026-09-01T21:04:26.464615+00:00,1,
2017-sem-04-segunda-parte,Acta No 04 de 2017 SEM Segunda Parte,Acta No. 04 de 2017 SEM (Segunda Parte),https://www.invima.gov.co/invima_website/static/attachments/medicamentos_sala_especializada_medicamentos_sintesis/Acta_No_04_de_2017_SEM_Segunda_Parte.pdf,2017,04,SEM,Segunda Parte,2018-01-12,12/01/2018,official,https://www.invima.gov.co/productos-vigilados/medicamentos-y-productos-biologicos/sala-especializada-medicamentos-sintesis,listed,2026-09-01T21:04:26.464615+00:00,2026-09-01T21:04:26.464615+00:00,1,
2017-sem-05-primera-parte,Acta No 05 de 2017 SEM Primera Parte,Acta No. 05 de 2017 SEM (Primera Parte),https://www.invima.gov.co/invima_website/static/attachments/medicamentos_sala_especializada_medicamentos_sintesis/Acta-No-05-de-2017-SEM-Primera-Parte.pdf,2017,05,SEM,Primera Parte,2017-12-22,22/12/2017,official,https://www.invima.gov.co/productos-vigilados/medicamentos-y-productos-biologicos/sala-especializada-medicamentos-sintesis,listed,2026-09-01T21:04:26.464615+00:00,2026-09-01T21:04:26.464615+00:00,1,
2017-sem-05-segunda-parte,Acta No 05 de 2017 SEM Segunda Parte,Acta No. 05 de 2017 SEM (Segunda Parte),https://www.invima.gov.co/invima_website/static/attachments/medicamentos_sala_especializada_medicamentos_sintesis/Acta-No-05-de-2017-SEM-Segunda-Parte.pdf,2017,05,SEM,Segunda Parte,2018-01-02,02/01/2018,official,https://www.invima.gov.co/productos-vigilados/medicamentos-y-productos-biologicos/sala-especializada-medicamentos-sintesis,listed,2026-09-01T21:04:26.464615+00:00,2026-09-01T21:04:26.464615+00:00,1,
2017-sem-06-completa,Acta No 06 de 2017 SEM,Acta No. 06 de 2017 SEM,https://www.invima.gov.co/invima_website/static/attachments/medicamentos_sala_especializada_medicamentos_sintesis/Acta_No_06_de_2017_SEM.pdf,2017,06,SEM,,2018-01-05,05/01/2018,official,https://www.invima.gov.co/productos-vigilados/medicamentos-y-productos-biologicos/sala-especializada-medicamentos-sintesis,listed,2026-09-01T21:04:26.464615+00:00,2026-09-01T21:04:26.464615+00:00,1,
2017-sem-07-completa,Acta No 07 de 2017 SEM,Acta No. 07 de 2017 SEM,https://www.invima.gov.co/invima_website/static/attachments/medicamentos_sala_especializada_medicamentos_sintesis/Acta-No-07-de-2017-SEM.pdf,2017,07,SEM,,2018-01-31,31/01/2018,official,https://www.invima.gov.co/productos-vigilados/medicamentos-y-productos-biologicos/sala-especializada-medicamentos-sintesis,listed,2026-09-01T21:04:26.464615+00:00,2026-09-01T21:04:26.464615+00:00,1,
2017-semnnimb-01-completa,Acta No 01 de 2017 SEMNNIMB,Acta No. 01 de 2017 SEMNNIMB,https://www.invima.gov.co/invima_website/static/attachments/medicamentos_sala_especializada_medicamentos_sintesis/Acta-No-01-de-2017-SEMNNIMB.pdf,2017,01,SEMNNIMB,,2017-09-29,29/09/2017,official,https://www.invima.gov.co/productos-vigilados/medicamentos-y-productos-biologicos/sala-especializada-medicamentos-sintesis,listed,2026-09-01T21:04:26.464615+00:00,2026-09-01T21:04:26.464615+00:00,1,
2017-semnnimb-02-completa,Acta No 02 de 2017 SEMNNIMB,Acta No. 02 de 2017 SEMNNIMB,https://www.invima.gov.co/invima_website/static/attachments/medicamentos_sala_especializada_medicamentos_sintesis/Acta-No-02-de-2017-SEMNNIMB.pdf,2017,02,SEMNNIMB,,2017-10-27,27/10/2017,official,https://www.invima.gov.co/productos-vigilados/medicamentos-y-productos-biologicos/sala-especializada-medicamentos-sintesis,listed,2026-09-01T21:04:26.464615+00:00,2026-09-01T21:04:26.464615+00:00,1,
2017-semnnimb-03-completa,Acta No 03 de 2017 SEMNNIMB,Acta No. 03 de 2017 SEMNNIMB,https://www.invima.gov.co/invima_website/static/attachments/medicamentos_sala_especializada_medicamentos_sintesis/Acta-No-03-de-2017SEMNNIMB.pdf,2017,03,SEMNNIMB,,2017-11-24,24/11/2017,official,https://www.invima.gov.co/productos-vigilados/medicamentos-y-productos-biologicos/sala-especializada-medicamentos-sintesis,listed,2026-09-01T21:04:26.464615+00:00,2026-09-01T21:04:26.464615+00:00,1,
2017-semnnimb-04-primera-parte,Acta No 04 de 2017 SEMNNIMB Primera Parte,Acta No. 04 de 2017 (Primera Parte) SEMNNIMB,https://www.invima.gov.co/invima_website/static/attachments/medicamentos_sala_especializada_medicamentos_sintesis/Acta_No_04_de_2017_SEMNNIMB_Primera_Parte.pdf,2017,04,SEMNNIMB,Primera Parte,2018-01-10,10/01/2018,official,https://www.invima.gov.co/productos-vigilados/medicamentos-y-productos-biologicos/sala-especializada-medicamentos-sintesis,listed,2026-09-01T21:04:26.464615+00:00,2026-09-01T21:04:26.464615+00:00,1,
2017-semnnimb-04-segunda-parte,Acta No 04 de 2017 SEMNNIMB Segunda Parte,Acta No. 04 de 2017 (Segunda Parte) SEMNNIMB,https://www.invima.gov.co/invima_website/static/attachments/medicamentos_sala_especializada_medicamentos_sintesis/Acta_No_04_de_2017_SEMNNIMB_Segunda_Parte.pdf,2017,04,SEMNNIMB,Segunda Parte,2018-01-12,12/01/2018,official,https://www.invima.gov.co/productos-vigilados/medicamentos-y-productos-biologicos/sala-especializada-medicamentos-sintesis,listed,2026-09-01T21:04:26.464615+00:00,2026-09-01T21:04:26.464615+00:00,1,
2017-semnnimb-05-primera-parte,Acta No 05 de 2017 SEMNNIMB Primera Parte,Acta No. 05 de 2017 (Primera Parte) SEMNNIMB,https://www.invima.gov.co/invima_website/static/attachments/medicamentos_sala_especializada_medicamentos_sintesis/Acta_No_05_de_2017_SEMNNIMB_Primera_Parte.pdf,2017,05,SEMNNIMB,Primera Parte,2018-01-29,29/01/2018,official,https://www.invima.gov.co/productos-vigilados/medicamentos-y-productos-biologicos/sala-especializada-medicamentos-sintesis,listed,2026-09-01T21:04:26.464615+00:00,2026-09-01T21:04:26.464615+00:00,1,
2017-semnnimb-05-segunda-parte,Acta No 05 de 2017 SEMNNIMB Segunda Parte,Acta No. 05 de 2017 (Segunda Parte) SEMNNIMB,https://www.invima.gov.co/invima_website/static/attachments/medicamentos_sala_especializada_medicamentos_sintesis/Acta_No_05_de_2017_SEMNNIMB_Segunda_Parte.pdf,2017,05,SEMNNIMB,Segunda Parte,2018-01-30,30/01/2018,official,https://www.invima.gov.co/productos-vigilados/medicamentos-y-productos-biologicos/sala-especializada-medicamentos-sintesis,listed,2026-09-01T21:04:26.464615+00:00,2026-09-01T21:04:26.464615+00:00,1,
2017-sempb-01-completa,Acta No 01 de 2017 SEMPB,Acta No. 01 de 2017 SEMPB,https://www.invima.gov.co/invima_website/static/attachments/medicamentos_sala_especializada_medicamentos_sintesis/Acta-No-01-de-2017-SEMPB.pdf,2017,01,SEMPB,,2017-02-07,07/02/2017,official,https://www.invima.gov.co/productos-vigilados/medicamentos-y-productos-biologicos/sala-especializada-medicamentos-sintesis,listed,2026-09-01T21:04:26.464615+00:00,2026-09-01T21:04:26.464615+00:00,1,
2017-sempb-02-completa,Acta No 02 de 2017 SEMPB,Acta No. 02 de 2017 SEMPB,https://www.invima.gov.co/invima_website/static/attachments/medicamentos_sala_especializada_medicamentos_sintesis/Acta-No-02-de-2017-SEMPB.pdf,2017,02,SEMPB,,2017-03-02,02/03/2017,official,https://www.invima.gov.co/productos-vigilados/medicamentos-y-productos-biologicos/sala-especializada-medicamentos-sintesis,listed,2026-09-01T21:04:26.464615+00:00,2026-09-01T21:04:26.464615+00:00,1,
2017-sempb-03-primera-parte,Acta No 03 de 2017 SEMPB Primera Parte,Acta No. 03 de 2017 SEMPB (Primera Parte),https://www.invima.gov.co/invima_website/static/attachments/medicamentos_sala_especializada_medicamentos_sintesis/Acta-No-03-de-2017-SEMPB-Segunda-Parte.pdf,2017,03,SEMPB,Primera Parte,2017-03-16,16/03/2017,official,https://www.invima.gov.co/productos-vigilados/medicamentos-y-productos-biologicos/sala-especializada-medicamentos-sintesis,listed,2026-09-01T21:04:26.464615+00:00,2026-09-01T21:04:26.464615+00:00,1,
2017-sempb-03-segunda-parte,Acta No 03 de 2017 SEMPB Segunda Parte,Acta No. 03 de 2017 SEMPB (Segunda Parte),https://www.invima.gov.co/invima_website/static/attachments/medicamentos_sala_especializada_medicamentos_sintesis/Acta-No-03-de-2017-SEMPB-Segunda-Parte.pdf,2017,03,SEMPB,Segunda Parte,2017-03-28,28/03/2017,official,https://www.invima.gov.co/productos-vigilados/medicamentos-y-productos-biologicos/sala-especializada-medicamentos-sintesis,listed,2026-09-01T21:04:26.464615+00:00,2026-09-01T21:04:26.464615+00:00,1,
2017-sempb-04-completa,Acta No 04 de 2017 SEMPB,Acta No. 04 de 2017 SEMPB,https://www.invima.gov.co/invima_website/static/attachments/medicamentos_sala_especializada_medicamentos_sintesis/Acta-No-04-de-2017-SEMPB.pdf,2017,04,SEMPB,,2017-04-07,07/04/2017,official,https://www.invima.gov.co/productos-vigilados/medicamentos-y-productos-biologicos/sala-especializada-medicamentos-sintesis,listed,2026-09-01T21:04:26.464615+00:00,2026-09-01T21:04:26.464615+00:00,1,
2017-sempb-05-completa,Acta No 05 de 2017 SEMPB,Acta No. 05 de 2017 SEMPB,https://www.invima.gov.co/invima_website/static/attachments/medicamentos_sala_especializada_medicamentos_sintesis/Acta-No-05-de-2017-SEMPB.pdf,2017,05,SEMPB,,2017-04-10,10/04/2017,official,https://www.invima.gov.co/productos-vigilados/medicamentos-y-productos-biologicos/sala-especializada-medicamentos-sintesis,listed,2026-09-01T21:04:26.464615+00:00,2026-09-01T21:04:26.464615+00:00,1,
2017-sempb-06-completa,Acta No 06 de 2017 SEMPB,Acta No. 06 de 2017 SEMPB,https://www.invima.gov.co/invima_website/static/attachments/medicamentos_sala_especializada_medicamentos_sintesis/Acta-No-06-de-2017-SEMPB.pdf,2017,06,SEMPB,,2017-04-10,10/04/2017,official,https://www.invima.gov.co/productos-vigilados/medicamentos-y-productos-biologicos/sala-especializada-medicamentos-sintesis,listed,2026-09-01T21:04:26.464615+00:00,2026-09-01T21:04:26.464615+00:00,1,
2017-sempb-07-completa,Acta No 07 de 2017 SEMPB,Acta No. 07 de 2017 SEMPB,https://www.invima.gov.co/invima_website/static/attachments/medicamentos_sala_especializada_medicamentos_sintesis/Acta-No-07-de-2017-SEMPB.pdf,2017,07,SEMPB,,2017-04-17,17/04/2017,official,https://www.invima.gov.co/productos-vigilados/medicamentos-y-productos-biologicos/sala-especializada-medicamentos-sintesis,listed,2026-09-01T21:04:26.464615+00:00,2026-09-01T21:04:26.464615+00:00,1,
2017-sempb-08-completa,Acta No 08 de 2017 SEMPB,Acta No. 08 de 2017 SEMPB,https://www.invima.gov.co/invima_website/static/attachments/medicamentos_sala_especializada_medicamentos_sintesis/Acta-No-08-de-2017-SEMPB.pdf,2017,08,SEMPB,,2017-05-19,19/05/2017,official,https://www.invima.gov.co/productos-vigilados/medicamentos-y-productos-biologicos/sala-especializada-medicamentos-sintesis,listed,2026-09-01T21:04:26.464615+00:00,2026-09-01T21:04:26.464615+00:00,1,
2017-sempb-09-primera-parte,Acta No 09 de 2017 SEMPB Primera Parte,Acta No. 09 de 2017 SEMPB (Primera Parte),https://www.invima.gov.co/invima_website/static/attachments/medicamentos_sala_especializada_medicamentos_sintesis/Acta-No-09-de-2017-SEMPB-Primera-Parte.pdf,2017,09,SEMPB,Primera Parte,2017-04-05,05/04/2017,official,https://www.invima.gov.co/productos-vigilados/medicamentos-y-productos-biologicos/sala-especializada-medicamentos-sintesis,listed,2026-09-01T21:04:26.464615+00:00,2026-09-01T21:04:26.464615+00:00,1,
2017-sempb-09-segunda-parte,Acta No 09 de 2017 SEMPB Segunda Parte,Acta No. 09 de 2017 SEMPB (Segunda Parte),https://www.invima.gov.co/invima_website/static/attachments/medicamentos_sala_especializada_medicamentos_sintesis/Acta-No-09-de-2017-SEMPB-Segunda-Partev2.pdf,2017,09,SEMPB,Segunda Parte,2017-05-10,10/05/2017,official,https://www.invima.gov.co/productos-vigilados/medicamentos-y-productos-biologicos/sala-especializada-medicamentos-sintesis,listed,2026-09-01T21:04:26.464615+00:00,2026-09-01T21:04:26.464615+00:00,1,
2017-sempb-10-primera-parte,Acta No 10 de 2017 SEMPB Primera Parte,Acta No. 10 de 2017 SEMPB (Primera Parte),https://www.invima.gov.co/invima_website/static/attachments/medicamentos_sala_especializada_medicamentos_sintesis/Acta-No-10-de-2017-SEMPB-Primera-Parte.pdf,2017,10,SEMPB,Primera Parte,2017-06-14,14/06/2017,official,https://www.invima.gov.co/productos-vigilados/medicamentos-y-productos-biologicos/sala-especializada-medicamentos-sintesis,listed,2026-09-01T21:04:26.464615+00:00,2026-09-01T21:04:26.464615+00:00,1,
2017-sempb-10-segunda-parte,Acta No 10 de 2017 SEMPB Segunda Parte,Acta No. 10 de 2017 SEMPB (Segunda Parte),https://www.invima.gov.co/invima_website/static/attachments/medicamentos_sala_especializada_medicamentos_sintesis/Acta-No-10-de-2017-SEMPB-Segunda-Parte.pdf,2017,10,SEMPB,Segunda Parte,2017-06-14,14/06/2017,official,https://www.invima.gov.co/productos-vigilados/medicamentos-y-productos-biologicos/sala-especializada-medicamentos-sintesis,listed,2026-09-01T21:04:26.464615+00:00,2026-09-01T21:04:26.464615+00:00,1,
2017-sempb-11-completa,Acta No 11 de 2017 SEMPB,Acta No. 11 de 2017 SEMPB,https://www.invima.gov.co/invima_website/static/attachments/medicamentos_sala_especializada_medicamentos_sintesis/Acta-No-11-de-2017-SEMPB.pdf,2017,11,SEMPB,,2017-06-20,20/06/2017,official,https://www.invima.gov.co/productos-vigilados/medicamentos-y-productos-biologicos/sala-especializada-medicamentos-sintesis,listed,2026-09-01T21:04:26.464615+00:00,2026-09-01T21:04:26.464615+00:00,1,
2017-sempb-12-completa,Acta No 12 de 2017 SEMPB,Acta No. 12 de 2017 SEMPB,https://www.invima.gov.co/invima_website/static/attachments/medicamentos_sala_especializada_medicamentos_sintesis/Acta-No-12-de-2017-SEMPB.pdf,2017,12,SEMPB,,2017-07-14,14/07/2017,official,https://www.invima.gov.co/productos-vigilados/medicamentos-y-productos-biologicos/sala-especializada-medicamentos-sintesis,listed,2026-09-01T21:04:26.464615+00:00,2026-09-01T21:04:26.464615+00:00,1,
2017-sempb-13-primera-parte,Acta No 13 de 2017 SEMPB Primera Parte,Acta No. 13 de 2017 SEMPB (Primera Parte),https://www.invima.gov.co/invima_website/static/attachments/medicamentos_sala_especializada_medicamentos_sintesis/Acta-No-13-de-2017-SEMPB-Primera-Parte.pdf,2017,13,SEMPB,Primera Parte,2017-06-15,15/06/2017,official,https://www.invima.gov.co/productos-vigilados/medicamentos-y-productos-biologicos/sala-especializada-medicamentos-sintesis,listed,2026-09-01T21:04:26.464615+00:00,2026-09-01T21:04:26.464615+00:00,1,
2017-sempb-13-segunda-parte,Acta No 13 de 2017 SEMPB Segunda Parte,Acta No. 13 de 2017 SEMPB (Segunda Parte),https://www.invima.gov.co/invima_website/static/attachments/medicamentos_sala_especializada_medicamentos_sintesis/Acta-No-13-de-2017-SEMPB-Segunda-parte.pdf,2017,13,SEMPB,Segunda Parte,2017-07-13,13/07/2017,official,https://www.invima.gov.co/productos-vigilados/medicamentos-y-productos-biologicos/sala-especializada-medicamentos-sintesis,listed,2026-09-01T21:04:26.464615+00:00,2026-09-01T21:04:26.464615+00:00,1,
2017-sempb-14-completa,Acta No 14 de 2017 SEMPB,Acta No. 14 de 2017 SEMPB,https://www.invima.gov.co/invima_website/static/attachments/medicamentos_sala_especializada_medicamentos_sintesis/Acta-No-14-de-2017-SEMPB.pdf,2017,14,SEMPB,,2017-08-10,10/08/2017,official,https://www.invima.gov.co/productos-vigilados/medicamentos-y-productos-biologicos/sala-especializada-medicamentos-sintesis,listed,2026-09-01T21:04:26.464615+00:00,2026-09-01T21:04:26.464615+00:00,1,
2017-sempb-15-primera-parte,Acta No 15 de 2017 SEMPB Primera Parte,Acta No. 15 de 2017 SEMPB (Primera Parte),https://www.invima.gov.co/invima_website/static/attachments/medicamentos_sala_especializada_medicamentos_sintesis/Acta-No-15-de-2017-SEMPB-Primera-Parte.pdf,2017,15,SEMPB,Primera Parte,2017-06-22,22/06/2017,official,https://www.invima.gov.co/productos-vigilados/medicamentos-y-productos-biologicos/sala-especializada-medicamentos-sintesis,listed,2026-09-01T21:04:26.464615+00:00,2026-09-01T21:04:26.464615+00:00,1,
2017-sempb-15-segunda-parte,Acta No 15 de 2017 SEMPB Segunda Parte,Acta No. 15 de 2017 SEMPB (Segunda Parte),https://www.invima.gov.co/invima_website/static/attachments/medicamentos_sala_especializada_medicamentos_sintesis/Acta-No-15-de-2017-SEMPB-Primera-Parte.pdf,2017,15,SEMPB,Segunda Parte,2017-07-19,19/07/2017,official,https://www.invima.gov.co/productos-vigilados/medicamentos-y-productos-biologicos/sala-especializada-medicamentos-sintesis,listed,2026-09-01T21:04:26.464615+00:00,2026-09-01T21:04:26.464615+00:00,1,
2017-sempb-16-completa,Acta No 16 de 2017 SEMPB,Acta No. 16 de 2017 SEMPB,https://www.invima.gov.co/invima_website/static/attachments/medicamentos_sala_especializada_medicamentos_sintesis/Acta-No-16-de-2017-SEMPB.pdf,2017,16,SEMPB,,2017-08-10,10/08/2017,official,https://www.invima.gov.co/productos-vigilados/medicamentos-y-productos-biologicos/sala-especializada-medicamentos-sintesis,listed,2026-09-01T21:04:26.464615+00:00,2026-09-01T21:04:26.464615+00:00,1,
2017-sempb-17-primera-parte,Acta No 17 de 2017 SEMPB Primera Parte,Acta No. 17 de 2017 SEMPB (Primera Parte),https://www.invima.gov.co/invima_website/static/attachments/medicamentos_sala_especializada_medicamentos_sintesis/Acta-No-17-de-2017-SEMPB-Primera-Parte.pdf,2017,17,SEMPB,Primera Parte,2017-09-04,04/09/2017,official,https://www.invima.gov.co/productos-vigilados/medicamentos-y-productos-biologicos/sala-especializada-medicamentos-sintesis,listed,2026-09-01T21:04:26.464615+00:00,2026-09-01T21:04:26.464615+00:00,1,
2017-sempb-17-segunda-parte,Acta No 17 de 2017 SEMPB Segunda Parte,Acta No. 17 de 2017 SEMPB (Segunda Parte),https://www.invima.gov.co/invima_website/static/attachments/medicamentos_sala_especializada_medicamentos_sintesis/Acta-No-17-de-2017-SEMPB-Segunda-Parte.pdf,2017,17,SEMPB,Segunda Parte,2017-09-04,04/09/2017,official,https://www.invima.gov.co/productos-vigilados/medicamentos-y-productos-biologicos/sala-especializada-medicamentos-sintesis,listed,2026-09-01T21:04:26.464615+00:00,2026-09-01T21:04:26.464615+00:00,1,
2017-sempb-18-primera-parte,Acta No 18 de 2017 SEMPB Primera Parte,Acta No. 18 de 2017 SEMPB (Primera Parte),https://www.invima.gov.co/invima_website/static/attachments/medicamentos_sala_especializada_medicamentos_sintesis/Acta-No-18-de-2017-SEMPB-Primera-Parte.pdf,2017,18,SEMPB,Primera Parte,2017-08-28,28/08/2017,official,https://www.invima.gov.co/productos-vigilados/medicamentos-y-productos-biologicos/sala-especializada-medicamentos-sintesis,listed,2026-09-01T21:04:26.464615+00:00,2026-09-01T21:04:26.464615+00:00,1,
2017-sempb-18-segunda-parte,Acta No 18 de 2017 SEMPB Segunda Parte,Acta No. 18 de 2017 SEMPB (Segunda Parte),https://www.invima.gov.co/invima_website/static/attachments/medicamentos_sala_especializada_medicamentos_sintesis/Acta-No-18-de-2017-SEMPB-Segunda-Parte.pdf,2017,18,SEMPB,Segunda Parte,2017-09-04,04/09/2017,official,https://www.invima.gov.co/productos-vigilados/medicamentos-y-productos-biologicos/sala-especializada-medicamentos-sintesis,listed,2026-09-01T21:04:26.464615+00:00,2026-09-01T21:04:26.464615+00:00,1,
2018-conjunta-semnnimb-sedmrdi-01-completa,Acta No 01 de 2018 CONJUNTA SEMNNIMB-SEDMRDI,Acta No. 01 de 2018 Conjunta SEMNNIMB- SEDMRDI,,2018,01,CONJUNTA SEMNNIMB-SEDMRDI,,2018-07-04,04/07/2018,official,https://www.invima.gov.co/productos-vigilados/medicamentos-y-productos-biologicos/sala-especializada-medicamentos-sintesis,listed,2026-09-01T21:04:26.464615+00:00,2026-09-01T21:04:26.464615+00:00,1,
2018-conjunta-semnnimb-sedmrdi-02-completa,Acta No 02 de 2018 CONJUNTA SEMNNIMB-SEDMRDI,Acta No. 02 de 2018 Conjunta SEMNNIMB- SEDMRDI,https://www.invima.gov.co/invima_website/static/attachments/medicamentos_sala_especializada_medicamentos_sintesis/ACTA_20No._2021_20DE_202023_20SEM.pdf,2018,02,CONJUNTA SEMNNIMB-SEDMRDI,,2018-08-03,03/08/2018,official,https://www.invima.gov.co/productos-vigilados/medicamentos-y-productos-biologicos/sala-especializada-medicamentos-sintesis,listed,2026-09-01T21:04:26.464615+00:00,2026-09-01T21:04:26.464615+00:00,1,
2018-sem-01-completa,Acta No 01 de 2018 SEM,Acta No. 01 de 2018 SEM,https://www.invima.gov.co/invima_website/static/attachments/medicamentos_sala_especializada_medicamentos_sintesis/Acta_No_01_de_2018_SEM.pdf,2018,01,SEM,,2018-01-25,25/01/2018,official,https://www.invima.gov.co/productos-vigilados/medicamentos-y-productos-biologicos/sala-especializada-medicamentos-sintesis,listed,2026-09-01T21:04:26.464615+00:00,2026-09-01T21:04:26.464615+00:00,1,
2018-sem-02-primera-parte,Acta No 02 de 2018 SEM Primera Parte,Acta No. 02 de 2018 SEM,https://www.invima.gov.co/invima_website/static/attachments/medicamentos_sala_especializada_medicamentos_sintesis/Acta-No-02-de-2019-SEM.pdf,2018,02,SEM,Primera Parte,2019-01-23,23/01/2019,official,https://www.invima.gov.co/productos-vigilados/medicamentos-y-productos-biologicos/sala-especializada-medicamentos-sintesis,listed,2026-09-01T21:04:26.464615+00:00,2026-09-01T21:04:26.464615+00:00,2,https://www.invima.gov.co/invima_website/static/attachments/medicamentos_sala_especializada_medicamentos_sintesis/Acta-02-primera-parte-Sala-especializada-de-Medicamentos-12_02_2018_1.pdf
2018-sem-02-segunda-parte,Acta No 02 de 2018 SEM Segunda Parte,Acta No. 02 de 2018 SEM (Segunda parte),https://www.invima.gov.co/invima_website/static/attachments/medicamentos_sala_especializada_medicamentos_sintesis/Acta-02-segunda-parte-SEM-2018.pdf,2018,02,SEM,Segunda Parte,2018-02-14,14/02/2018,official,https://www.invima.gov.co/productos-vigilados/medicamentos-y-productos-biologicos/sala-especializada-medicamentos-sintesis,listed,2026-09-01T21:04:26.464615+00:00,2026-09-01T21:04:26.464615+00:00,1,
2018-sem-02-tercera-parte,Acta No 02 de 2018 SEM Tercera Parte,Acta No. 02 de 2018 SEM (Tercera parte),https://www.invima.gov.co/invima_website/static/attachments/medicamentos_sala_especializada_medicamentos_sintesis/Acta_02_Tercera_Parte_2018.pdf,2018,02,SEM,Tercera Parte,2018-02-14,14/02/2018,official,https://www.invima.gov.co/productos-vigilados/medicamentos-y-productos-biologicos/sala-especializada-medicamentos-sintesis,listed,2026-09-01T21:04:26.464615+00:00,2026-09-01T21:04:26.464615+00:00,1,
2018-sem-03-primera-parte,Acta No 03 de 2018 SEM Primera Parte,Acta No. 03 de 2018 SEM (Primera parte),https://www.invima.gov.co/invima_website/static/attachments/medicamentos_sala_especializada_medicamentos_sintesis/Acta-03-Primera-Parte-2018-SEM.pdf,2018,03,SEM,Primera Parte,2018-02-22,22/02/2018,official,https://www.invima.gov.co/productos-vigilados/medicamentos-y-productos-biologicos/sala-especializada-medicamentos-sintesis,listed,2026-09-01T21:04:26.464615+00:00,2026-09-01T21:04:26.464615+00:00,1,
2018-sem-03-segunda-parte,Acta No 03 de 2018 SEM Segunda Parte,Acta No. 03 de 2018 SEM (Segunda Parte),https://www.invima.gov.co/invima_website/static/attachments/medicamentos_sala_especializada_medicamentos_sintesis/Acta-No-03-Segunda-Parte-de-2018-SEM.pdf,2018,03,SEM,Segunda Parte,2018-03-09,09/03/2018,official,https://www.invima.gov.co/productos-vigilados/medicamentos-y-productos-biologicos/sala-especializada-medicamentos-sintesis,listed,2026-09-01T21:04:26.464615+00:00,2026-09-01T21:04:26.464615+00:00,1,
2018-sem-04-completa,Acta No 04 de 2018 SEM,Acta No. 04 de 2018 SEM,https://www.invima.gov.co/invima_website/static/attachments/medicamentos_sala_especializada_medicamentos_sintesis/Acta-No-04-de-2018-SEM.pdf,2018,04,SEM,,2018-03-16,16/03/2018,official,https://www.invima.gov.co/productos-vigilados/medicamentos-y-productos-biologicos/sala-especializada-medicamentos-sintesis,listed,2026-09-01T21:04:26.464615+00:00,2026-09-01T21:04:26.464615+00:00,1,
2018-sem-05-completa,Acta No 05 de 2018 SEM,Acta No. 05 de 2018 SEM,https://www.invima.gov.co/invima_website/static/attachments/medicamentos_sala_especializada_medicamentos_sintesis/Acta-No-05-de-2018-SEM.pdf,2018,05,SEM,,2018-03-23,23/03/2018,official,https://www.invima.gov.co/productos-vigilados/medicamentos-y-productos-biologicos/sala-especializada-medicamentos-sintesis,listed,2026-09-01T21:04:26.464615+00:00,2026-09-01T21:04:26.464615+00:00,1,
2018-sem-06-completa,Acta No 06 de 2018 SEM,Acta No. 06 de 2018 SEM,https://www.invima.gov.co/invima_website/static/attachments/medicamentos_sala_especializada_medicamentos_sintesis/Acta-06-2018-SEM.pdf,2018,06,SEM,,2018-04-16,16/04/2018,official,https://www.invima.gov.co/productos-vigilados/medicamentos-y-productos-biologicos/sala-especializada-medicamentos-sintesis,listed,2026-09-01T21:04:26.464615+00:00,2026-09-01T21:04:26.464615+00:00,1,
2018-sem-07-completa,Acta No 07 de 2018 SEM,Acta No. 07 de 2018 SEM,https://www.invima.gov.co/invima_website/static/attachments/medicamentos_sala_especializada_medicamentos_sintesis/Acta-No-07-de-2018-SEM-V2.pdf,2018,07,SEM,,2018-04-19,19/04/2018,official,https://www.invima.gov.co/productos-vigilados/medicamentos-y-productos-biologicos/sala-especializada-medicamentos-sintesis,listed,2026-09-01T21:04:26.464615+00:00,2026-09-01T21:04:26.464615+00:00,1,
2018-sem-08-completa,Acta No 08 de 2018 SEM,Acta No. 08 de 2018 SEM,https://www.invima.gov.co/invima_website/static/attachments/medicamentos_sala_especializada_medicamentos_sintesis/Acta-No-08-de-2018-SEM.pdf,2018,08,SEM,,2018-04-20,20/04/2018,official,https://www.invima.gov.co/productos-vigilados/medicamentos-y-productos-biologicos/sala-especializada-medicamentos-sintesis,listed,2026-09-01T21:04:26.464615+00:00,2026-09-01T21:04:26.464615+00:00,1,
2018-sem-09-completa,Acta No 09 de 2018 SEM,Acta No. 09 de 2018 SEM,https://www.invima.gov.co/invima_website/static/attachments/medicamentos_sala_especializada_medicamentos_sintesis/Acta-No-09-de-2018-SEM.pdf,2018,09,SEM,,2018-05-02,02/05/2018,official,https://www.invima.gov.co/productos-vigilados/medicamentos-y-productos-biologicos/sala-especializada-medicamentos-sintesis,listed,2026-09-01T21:04:26.464615+00:00,2026-09-01T21:04:26.464615+00:00,1,
2018-sem-10-completa,Acta No 10 de 2018 SEM,Acta No. 10 de 2018 SEM,https://www.invima.gov.co/invima_website/static/attachments/medicamentos_sala_especializada_medicamentos_sintesis/Acta-No-10-de-2018-SEM.pdf,2018,10,SEM,,2018-05-02,02/05/2018,official,https://www.invima.gov.co/productos-vigilados/medicamentos-y-productos-biologicos/sala-especializada-medicamentos-sintesis,listed,2026-09-01T21:04:26.464615+00:00,2026-09-01T21:04:26.464615+00:00,1,
2018-sem-11-completa,Acta No 11 de 2018 SEM,Acta No. 11 de 2018 SEM,https://www.invima.gov.co/invima_website/static/attachments/medicamentos_sala_especializada_medicamentos_sintesis/Acta-No-11-de-2018-SEM.pdf,2018,11,SEM,,2018-05-31,31/05/2018,official,https://www.invima.gov.co/productos-vigilados/medicamentos-y-productos-biologicos/sala-especializada-medicamentos-sintesis,listed,2026-09-01T21:04:26.464615+00:00,2026-09-01T21:04:26.464615+00:00,1,
2018-sem-12-completa,Acta No 12 de 2018 SEM,Acta No. 12 de 2018 SEM,https://www.invima.gov.co/invima_website/static/attachments/medicamentos_sala_especializada_medicamentos_sintesis/Acta-No-12-de-2018-SEM.pdf,2018,12,SEM,,2018-06-07,07/06/2018,official,https://www.invima.gov.co/productos-vigilados/medicamentos-y-productos-biologicos/sala-especializada-medicamentos-sintesis,listed,2026-09-01T21:04:26.464615+00:00,2026-09-01T21:04:26.464615+00:00,1,
2018-sem-13-completa,Acta No 13 de 2018 SEM,Acta No. 13 de 2018 SEM,https://www.invima.gov.co/invima_website/static/attachments/medicamentos_sala_especializada_medicamentos_sintesis/Acta-No-13-de-2018-SEM.pdf,2018,13,SEM,,2018-06-14,14/06/2018,official,https://www.invima.gov.co/productos-vigilados/medicamentos-y-productos-biologicos/sala-especializada-medicamentos-sintesis,listed,2026-09-01T21:04:26.464615+00:00,2026-09-01T21:04:26.464615+00:00,1,
2018-sem-14-completa,Acta No 14 de 2018 SEM,Acta No. 14 de 2018 SEM,https://www.invima.gov.co/invima_website/static/attachments/medicamentos_sala_especializada_medicamentos_sintesis/Acta-No-14-de-2018-SEM.pdf,2018,14,SEM,,2018-06-19,19/06/2018,official,https://www.invima.gov.co/productos-vigilados/medicamentos-y-productos-biologicos/sala-especializada-medicamentos-sintesis,listed,2026-09-01T21:04:26.464615+00:00,2026-09-01T21:04:26.464615+00:00,1,
2018-sem-15-completa,Acta No 15 de 2018 SEM,Acta No. 15 de 2018 SEM,https://www.invima.gov.co/invima_website/static/attachments/medicamentos_sala_especializada_medicamentos_sintesis/Acta-No-15-de-2018-SEM.pdf,2018,15,SEM,,2018-06-22,22/06/2018,official,https://www.invima.gov.co/productos-vigilados/medicamentos-y-productos-biologicos/sala-especializada-medicamentos-sintesis,listed,2026-09-01T21:04:26.464615+00:00,2026-09-01T21:04:26.464615+00:00,1,
2018-sem-16-completa,Acta No 16 de 2018 SEM,Acta No. 16 de 2018 SEM,https://www.invima.gov.co/invima_website/static/attachments/medicamentos_sala_especializada_medicamentos_sintesis/Acta-No-16-de-2018-SEM.pdf,2018,16,SEM,,2018-06-26,26/06/2018,official,https://www.invima.gov.co/productos-vigilados/medicamentos-y-productos-biologicos/sala-especializada-medicamentos-sintesis,listed,2026-09-01T21:04:26.464615+00:00,2026-09-01T21:04:26.464615+00:00,1,
2018-sem-17-completa,Acta No 17 de 2018 SEM,Acta No. 17 de 2018 SEM,https://www.invima.gov.co/invima_website/static/attachments/medicamentos_sala_especializada_medicamentos_sintesis/Acta-No-17-de-2018-SEM.pdf,2018,17,SEM,,2018-07-03,03/07/2018,official,https://www.invima.gov.co/productos-vigilados/medicamentos-y-productos-biologicos/sala-especializada-medicamentos-sintesis,listed,2026-09-01T21:04:26.464615+00:00,2026-09-01T21:04:26.464615+00:00,1,
2018-sem-18-completa,Acta No 18 de 2018 SEM,Acta No. 18 de 2018 SEM,https://www.invima.gov.co/invima_website/static/attachments/medicamentos_sala_especializada_medicamentos_sintesis/Acta-No-18-de-2018-SEM.pdf,2018,18,SEM,,2018-07-23,23/07/2018,official,https://www.invima.gov.co/productos-vigilados/medicamentos-y-productos-biologicos/sala-especializada-medicamentos-sintesis,listed,2026-09-01T21:04:26.464615+00:00,2026-09-01T21:04:26.464615+00:00,1,
2018-sem-19-completa,Acta No 19 de 2018 SEM,Acta No. 19 de 2018 SEM,https://www.invima.gov.co/invima_website/static/attachments/medicamentos_sala_especializada_medicamentos_sintesis/Acta-No-19-de-2018-SEM.pdf,2018,19,SEM,,2018-07-26,26/07/2018,official,https://www.invima.gov.co/productos-vigilados/medicamentos-y-productos-biologicos/sala-especializada-medicamentos-sintesis,listed,2026-09-01T21:04:26.464615+00:00,2026-09-01T21:04:26.464615+00:00,1,
2018-sem-20-completa,Acta No 20 de 2018 SEM,Acta No. 20 de 2018 SEM,https://www.invima.gov.co/invima_website/static/attachments/medicamentos_sala_especializada_medicamentos_sintesis/Acta-No-20-de-2018-SEM.pdf,2018,20,SEM,,2018-07-27,27/07/2018,official,https://www.invima.gov.co/productos-vigilados/medicamentos-y-productos-biologicos/sala-especializada-medicamentos-sintesis,listed,2026-09-01T21:04:26.464615+00:00,2026-09-01T21:04:26.464615+00:00,1,
2018-sem-21-completa,Acta No 21 de 2018 SEM,Acta No. 21 de 2018 SEM,https://www.invima.gov.co/invima_website/static/attachments/medicamentos_sala_especializada_medicamentos_sintesis/Acta-No-21-de-2018-SEM.pdf,2018,21,SEM,,2018-08-02,02/08/2018,official,https://www.invima.gov.co/productos-vigilados/medicamentos-y-productos-biologicos/sala-especializada-medicamentos-sintesis,listed,2026-09-01T21:04:26.464615+00:00,2026-09-01T21:04:26.464615+00:00,1,
2018-sem-22-completa,Acta No 22 de 2018 SEM,Acta No. 22 de 2018 SEM,https://www.invima.gov.co/invima_website/static/attachments/medicamentos_sala_especializada_medicamentos_sintesis/Acta-No-22-de-2018-SEM.pdf,2018,22,SEM,,2018-08-24,24/08/2018,official,https://www.invima.gov.co/productos-vigilados/medicamentos-y-productos-biologicos/sala-especializada-medicamentos-sintesis,listed,2026-09-01T21:04:26.464615+00:00,2026-09-01T21:04:26.464615+00:00,1,
2018-sem-23-completa,Acta No 23 de 2018 SEM,Acta No. 23 de 2018 SEM,https://www.invima.gov.co/invima_website/static/attachments/medicamentos_sala_especializada_medicamentos_sintesis/Acta-No-23-de-2018-SEM.pdf,2018,23,SEM,,2018-09-04,04/09/2018,official,https://www.invima.gov.co/productos-vigilados/medicamentos-y-productos-biologicos/sala-especializada-medicamentos-sintesis,listed,2026-09-01T21:04:26.464615+00:00,2026-09-01T21:04:26.464615+00:00,1,
2018-sem-24-completa,Acta No 24 de 2018 SEM,Acta No. 24 de 2018 SEM,https://www.invima.gov.co/invima_website/static/attachments/medicamentos_sala_especializada_medicamentos_sintesis/Acta-No-24-de-2018-SEM.pdf,2018,24,SEM,,2018-09-12,12/09/2018,official,https://www.invima.gov.co/productos-vigilados/medicamentos-y-productos-biologicos/sala-especializada-medicamentos-sintesis,listed,2026-09-01T21:04:26.464615+00:00,2026-09-01T21:04:26.464615+00:00,1,
2018-sem-25-completa,Acta No 25 de 2018 SEM,Acta No. 25 de 2018 SEM,https://www.invima.gov.co/invima_website/static/attachments/medicamentos_sala_especializada_medicamentos_sintesis/Acta-No-25-de-2018-SEM.pdf,2018,25,SEM,,2018-09-24,24/09/2018,official,https://www.invima.gov.co/productos-vigilados/medicamentos-y-productos-biologicos/sala-especializada-medicamentos-sintesis,listed,2026-09-01T21:04:26.464615+00:00,2026-09-01T21:04:26.464615+00:00,1,
2018-sem-26-completa,Acta No 26 de 2018 SEM,Acta No. 26 de 2018 SEM,https://www.invima.gov.co/invima_website/static/attachments/medicamentos_sala_especializada_medicamentos_sintesis/Acta-No-26-de-2018-SEM.pdf,2018,26,SEM,,2018-10-03,03/10/2018,official,https://www.invima.gov.co/productos-vigilados/medicamentos-y-productos-biologicos/sala-especializada-medicamentos-sintesis,listed,2026-09-01T21:04:26.464615+00:00,2026-09-01T21:04:26.464615+00:00,1,
2018-sem-27-completa,Acta No 27 de 2018 SEM,Acta No. 27 de 2018 SEM,https://www.invima.gov.co/invima_website/static/attachments/medicamentos_sala_especializada_medicamentos_sintesis/Acta-No-27-de-2018-SEM.pdf,2018,27,SEM,,2018-10-04,04/10/2018,official,https://www.invima.gov.co/productos-vigilados/medicamentos-y-productos-biologicos/sala-especializada-medicamentos-sintesis,listed,2026-09-01T21:04:26.464615+00:00,2026-09-01T21:04:26.464615+00:00,1,
2018-sem-28-completa,Acta No 28 de 2018 SEM,Acta No. 28 de 2018 SEM,https://www.invima.gov.co/invima_website/static/attachments/medicamentos_sala_especializada_medicamentos_sintesis/Acta-No-28-de-2018-SEM.pdf,2018,28,SEM,,2018-10-30,30/10/2018,official,https://www.invima.gov.co/productos-vigilados/medicamentos-y-productos-biologicos/sala-especializada-medicamentos-sintesis,listed,2026-09-01T21:04:26.464615+00:00,2026-09-01T21:04:26.464615+00:00,1,
2018-sem-29-completa,Acta No 29 de 2018 SEM,Acta No. 29 de 2018 SEM,https://www.invima.gov.co/invima_website/static/attachments/medicamentos_sala_especializada_medicamentos_sintesis/Acta-No-29-de-2018-SEM.pdf,2018,29,SEM,,2018-11-06,06/11/2018,official,https://www.invima.gov.co/productos-vigilados/medicamentos-y-productos-biologicos/sala-especializada-medicamentos-sintesis,listed,2026-09-01T21:04:26.464615+00:00,2026-09-01T21:04:26.464615+00:00,1,
2018-sem-30-completa,Acta No 30 de 2018 SEM,Acta No. 30 de 2018 SEM,https://www.invima.gov.co/invima_website/static/attachments/medicamentos_sala_especializada_medicamentos_sintesis/Acta-No-30-de-2018-SEM.pdf,2018,30,SEM,,2018-10-23,23/10/2018,official,https://www.invima.gov.co/productos-vigilados/medicamentos-y-productos-biologicos/sala-especializada-medicamentos-sintesis,listed,2026-09-01T21:04:26.464615+00:00,2026-09-01T21:04:26.464615+00:00,1,
2018-sem-31-completa,Acta No 31 de 2018 SEM,Acta No. 31 de 2018 SEM,https://www.invima.gov.co/invima_website/static/attachments/medicamentos_sala_especializada_medicamentos_sintesis/Acta-No-31-de-2018-SEM.pdf,2018,31,SEM,,2018-11-19,19/11/2018,official,https://www.invima.gov.co/productos-vigilados/medicamentos-y-productos-biologicos/sala-especializada-medicamentos-sintesis,listed,2026-09-01T21:04:26.464615+00:00,2026-09-01T21:04:26.464615+00:00,1,
2018-sem-32-completa,Acta No 32 de 2018 SEM,Acta No. 32 de 2018 SEM,https://www.invima.gov.co/invima_website/static/attachments/medicamentos_sala_especializada_medicamentos_sintesis/Acta-No-32-de-2018-SEM.pdf,2018,32,SEM,,2018-11-29,29/11/2018,official,https://www.invima.gov.co/productos-vigilados/medicamentos-y-productos-biologicos/sala-especializada-medicamentos-sintesis,listed,2026-09-01T21:04:26.464615+00:00,2026-09-01T21:04:26.464615+00:00,1,
2018-sem-33-completa,Acta No 33 de 2018 SEM,Acta No. 33 de 2018 SEM,https://www.invima.gov.co/invima_website/static/attachments/medicamentos_sala_especializada_medicamentos_sintesis/Acta-No-33-de-2018-SEM.pdf,2018,33,SEM,,2018-12-20,20/12/2018,official,https://www.invima.gov.co/productos-vigilados/medicamentos-y-productos-biologicos/sala-especializada-medicamentos-sintesis,listed,2026-09-01T21:04:26.464615+00:00,2026-09-01T21:04:26.464615+00:00,1,
2018-sem-34-completa,Acta No 34 de 2018 SEM,Acta No. 34 de 2018 SEM,https://www.invima.gov.co/invima_website/static/attachments/medicamentos_sala_especializada_medicamentos_sintesis/Acta_No_34_de_2018_SEM.pdf,2018,34,SEM,,2018-12-27,27/12/2018,official,https://www.invima.gov.co/productos-vigilados/medicamentos-y-productos-biologicos/sala-especializada-medicamentos-sintesis,listed,2026-09-01T21:04:26.464615+00:00,2026-09-01T21:04:26.464615+00:00,1,
2018-sem-35-completa,Acta No 35 de 2018 SEM,Acta No. 35 de 2018 SEM,https://www.invima.gov.co/invima_website/static/attachments/medicamentos_sala_especializada_medicamentos_sintesis/Acta-No-35-de-2018-SEM.pdf,2018,35,SEM,,2018-12-28,28/12/2018,official,https://www.invima.gov.co/productos-vigilados/medicamentos-y-productos-biologicos/sala-especializada-medicamentos-sintesis,listed,2026-09-01T21:04:26.464615+00:00,2026-09-01T21:04:26.464615+00:00,1,
2018-sem-36-completa,Acta No 36 de 2018 SEM,Acta No. 36 de 2018 SEM,https://www.invima.gov.co/invima_website/static/attachments/medicamentos_sala_especializada_medicamentos_sintesis/Acta-No-36-de-2018-SEM.pdf,2018,36,SEM,,2019-01-22,22/01/2019,official,https://www.invima.gov.co/productos-vigilados/medicamentos-y-productos-biologicos/sala-especializada-medicamentos-sintesis,listed,2026-09-01T21:04:26.464615+00:00,2026-09-01T21:04:26.464615+00:00,1,
2018-sem-37-completa,Acta No 37 de 2018 SEM,Acta No. 37 de 2018 SEM,https://www.invima.gov.co/invima_website/static/attachments/medicamentos_sala_especializada_medicamentos_sintesis/Acta-No-37-de-2018-SEM.pdf,2018,37,SEM,,2019-01-31,31/01/2019,official,https://www.invima.gov.co/productos-vigilados/medicamentos-y-productos-biologicos/sala-especializada-medicamentos-sintesis,listed,2026-09-01T21:04:26.464615+00:00,2026-09-01T21:04:26.464615+00:00,1,
2018-sem-38-completa,Acta No 38 de 2018 SEM,Acta No. 38 de 2018 SEM,https://www.invima.gov.co/invima_website/static/attachments/medicamentos_sala_especializada_medicamentos_sintesis/Acta-No-38-de-2018-SEM.pdf,2018,38,SEM,,2019-02-06,06/02/2019,official,https://www.invima.gov.co/productos-vigilados/medicamentos-y-productos-biologicos/sala-especializada-medicamentos-sintesis,listed,2026-09-01T21:04:26.464615+00:00,2026-09-01T21:04:26.464615+00:00,1,
2018-semnnimb-01-primera-parte,Acta No 01 de 2018 SEMNNIMB Primera Parte,Acta No. 01 de 2018 SEMNNIMB,https://www.invima.gov.co/invima_website/static/attachments/medicamentos_sala_especializada_medicamentos_sintesis/Acta-No-01-de-2018-SEMNNIMB-Primera-parte.pdf,2018,01,SEMNNIMB,Primera Parte,2018-02-23,23/02/2018,official,https://www.invima.gov.co/productos-vigilados/medicamentos-y-productos-biologicos/sala-especializada-medicamentos-sintesis,listed,2026-09-01T21:04:26.464615+00:00,2026-09-01T21:04:26.464615+00:00,1,
2018-semnnimb-01-segunda-parte,Acta No 01 de 2018 SEMNNIMB Segunda Parte,Acta No. 01 de 2018 SEMNNIMB (Segunda parte),https://www.invima.gov.co/invima_website/static/attachments/medicamentos_sala_especializada_medicamentos_sintesis/ACTA-01-SEGUNDA-PARTE-SEMNNIMB-2018.pdf,2018,01,SEMNNIMB,Segunda Parte,2018-03-26,26/03/2018,official,https://www.invima.gov.co/productos-vigilados/medicamentos-y-productos-biologicos/sala-especializada-medicamentos-sintesis,listed,2026-09-01T21:04:26.464615+00:00,2026-09-01T21:04:26.464615+00:00,1,
2018-semnnimb-02-completa,Acta No 02 de 2018 SEMNNIMB,Acta No. 02 de 2018 SEMNNIMB,https://www.invima.gov.co/biblioteca/acta-no-02-de-2018-semnnimbpdf-2,2018,02,SEMNNIMB,,2018-04-17,17/04/2018,official,https://www.invima.gov.co/productos-vigilados/medicamentos-y-productos-biologicos/sala-especializada-medicamentos-sintesis,listed,2026-09-01T21:04:26.464615+00:00,2026-09-01T21:04:26.464615+00:00,1,
2018-semnnimb-03-completa,Acta No 03 de 2018 SEMNNIMB,Acta No. 03 de 2018 SEMNNIMB,https://www.invima.gov.co/invima_website/static/attachments/medicamentos_sala_especializada_medicamentos_sintesis/Acta-No-03-de-2018-SEMNNIMB.pdf,2018,03,SEMNNIMB,,2018-05-09,09/05/2018,official,https://www.invima.gov.co/productos-vigilados/medicamentos-y-productos-biologicos/sala-especializada-medicamentos-sintesis,listed,2026-09-01T21:04:26.464615+00:00,2026-09-01T21:04:26.464615+00:00,1,
2018-semnnimb-04-completa,Acta No 04 de 2018 SEMNNIMB,Acta No. 04 de 2018 SEMNNIMB,https://www.invima.gov.co/invima_website/static/attachments/medicamentos_sala_especializada_medicamentos_sintesis/Acta-No-04-de-2018-SEMNNIMB.pdf,2018,04,SEMNNIMB,,2018-06-05,05/06/2018,official,https://www.invima.gov.co/productos-vigilados/medicamentos-y-productos-biologicos/sala-especializada-medicamentos-sintesis,listed,2026-09-01T21:04:26.464615+00:00,2026-09-01T21:04:26.464615+00:00,1,
2018-semnnimb-05-completa,Acta No 05 de 2018 SEMNNIMB,Acta No. 05 de 2018 SEMNNIMB,https://www.invima.gov.co/invima_website/static/attachments/medicamentos_sala_especializada_medicamentos_sintesis/Acta-No-05-de-2018-SEMNNIMB.pdf,2018,05,SEMNNIMB,,2018-06-08,08/06/2018,official,https://www.invima.gov.co/productos-vigilados/medicamentos-y-productos-biologicos/sala-especializada-medicamentos-sintesis,listed,2026-09-01T21:04:26.464615+00:00,2026-09-01T21:04:26.464615+00:00,1,
2018-semnnimb-06-completa,Acta No 06 de 2018 SEMNNIMB,Acta No. 06 de 2018 SEMNNIMB,https://www.invima.gov.co/invima_website/static/attachments/medicamentos_sala_especializada_medicamentos_sintesis/Acta-No-06-de-2018-SEMNNIMB.pdf,2018,06,SEMNNIMB,,2018-06-21,21/06/2018,official,https://www.invima.gov.co/productos-vigilados/medicamentos-y-productos-biologicos/sala-especializada-medicamentos-sintesis,listed,2026-09-01T21:04:26.464615+00:00,2026-09-01T21:04:26.464615+00:00,1,
2018-semnnimb-07-completa,Acta No 07 de 2018 SEMNNIMB,Acta No. 07 de 2018 SEMNNIMB,https://www.invima.gov.co/invima_website/static/attachments/medicamentos_sala_especializada_medicamentos_sintesis/Acta-No-07-de-2018-SEMNNIMB.pdf,2018,07,SEMNNIMB,,2018-07-06,06/07/2018,official,https://www.invima.gov.co/productos-vigilados/medicamentos-y-productos-biologicos/sala-especializada-medicamentos-sintesis,listed,2026-09-01T21:04:26.464615+00:00,2026-09-01T21:04:26.464615+00:00,1,
2018-semnnimb-08-completa,Acta No 08 de 2018 SEMNNIMB,Acta No. 08 de 2018 SEMNNIMB,https://www.invima.gov.co/invima_website/static/attachments/medicamentos_sala_especializada_medicamentos_sintesis/Acta-No-08-de-2018-SEMNNIMB.pdf,2018,08,SEMNNIMB,,2018-07-27,27/07/2018,official,https://www.invima.gov.co/productos-vigilados/medicamentos-y-productos-biologicos/sala-especializada-medicamentos-sintesis,listed,2026-09-01T21:04:26.464615+00:00,2026-09-01T21:04:26.464615+00:00,1,
2018-semnnimb-09-completa,Acta No 09 de 2018 SEMNNIMB,Acta No. 09 de 2018 SEMNNIMB,https://www.invima.gov.co/invima_website/static/attachments/medicamentos_sala_especializada_medicamentos_sintesis/Acta-No-09-de-2018-SEMNNIMB.pdf,2018,09,SEMNNIMB,,2018-08-28,28/08/2018,official,https://www.invima.gov.co/productos-vigilados/medicamentos-y-productos-biologicos/sala-especializada-medicamentos-sintesis,listed,2026-09-01T21:04:26.464615+00:00,2026-09-01T21:04:26.464615+00:00,1,
2018-semnnimb-10-completa,Acta No 10 de 2018 SEMNNIMB,Acta No. 10 de 2018 SEMNNIMB,https://www.invima.gov.co/invima_website/static/attachments/medicamentos_sala_especializada_medicamentos_sintesis/Acta-No-10-de-2018-SEMNNIMB.pdf,2018,10,SEMNNIMB,,2018-08-30,30/08/2018,official,https://www.invima.gov.co/productos-vigilados/medicamentos-y-productos-biologicos/sala-especializada-medicamentos-sintesis,listed,2026-09-01T21:04:26.464615+00:00,2026-09-01T21:04:26.464615+00:00,1,
2018-semnnimb-11-completa,Acta No 11 de 2018 SEMNNIMB,Acta No. 11 de 2018 SEMNNIMB,https://www.invima.gov.co/invima_website/static/attachments/medicamentos_sala_especializada_medicamentos_sintesis/Acta-No-11-de-2018-SEMNNIMB.pdf,2018,11,SEMNNIMB,,2018-10-01,01/10/2018,official,https://www.invima.gov.co/productos-vigilados/medicamentos-y-productos-biologicos/sala-especializada-medicamentos-sintesis,listed,2026-09-01T21:04:26.464615+00:00,2026-09-01T21:04:26.464615+00:00,1,
2018-semnnimb-12-completa,Acta No 12 de 2018 SEMNNIMB,Acta No. 12 de 2018 SEMNNIMB,https://www.invima.gov.co/invima_website/static/attachments/medicamentos_sala_especializada_medicamentos_sintesis/Acta-No-12-de-2018-SEMNNIMB.pdf,2018,12,SEMNNIMB,,2018-10-01,01/10/2018,official,https://www.invima.gov.co/productos-vigilados/medicamentos-y-productos-biologicos/sala-especializada-medicamentos-sintesis,listed,2026-09-01T21:04:26.464615+00:00,2026-09-01T21:04:26.464615+00:00,1,
2018-semnnimb-13-completa,Acta No 13 de 2018 SEMNNIMB,Acta No. 13 de 2018 SEMNNIMB,https://www.invima.gov.co/invima_website/static/attachments/medicamentos_sala_especializada_medicamentos_sintesis/Acta-No-13-de-2018-SEMNNIMB.pdf,2018,13,SEMNNIMB,,2018-10-25,25/10/2018,official,https://www.invima.gov.co/productos-vigilados/medicamentos-y-productos-biologicos/sala-especializada-medicamentos-sintesis,listed,2026-09-01T21:04:26.464615+00:00,2026-09-01T21:04:26.464615+00:00,1,
2018-semnnimb-14-completa,Acta No 14 de 2018 SEMNNIMB,Acta No. 14 de 2018 SEMNNIMB,https://www.invima.gov.co/invima_website/static/attachments/medicamentos_sala_especializada_medicamentos_sintesis/Acta-No-14-de-2018-SEMNNIMB.pdf,2018,14,SEMNNIMB,,2018-10-29,29/10/2018,official,https://www.invima.gov.co/productos-vigilados/medicamentos-y-productos-biologicos/sala-especializada-medicamentos-sintesis,listed,2026-09-01T21:04:26.464615+00:00,2026-09-01T21:04:26.464615+00:00,1,
2018-semnnimb-15-completa,Acta No 15 de 2018 SEMNNIMB,Acta No. 15 de 2018 SEMNNIMB,https://www.invima.gov.co/invima_website/static/attachments/medicamentos_sala_especializada_medicamentos_sintesis/Acta-No-15-de-2018-SEMNNIMB.pdf,2018,15,SEMNNIMB,,2018-12-20,20/12/2018,official,https://www.invima.gov.co/productos-vigilados/medicamentos-y-productos-biologicos/sala-especializada-medicamentos-sintesis,listed,2026-09-01T21:04:26.464615+00:00,2026-09-01T21:04:26.464615+00:00,1,
2018-semnnimb-16-completa,Acta No 16 de 2018 SEMNNIMB,Acta No. 16 de 2018 SEMNNIMB,https://www.invima.gov.co/invima_website/static/attachments/medicamentos_sala_especializada_medicamentos_sintesis/Acta-No-16-de-2018-SEMNNIMB.pdf,2018,16,SEMNNIMB,,2018-12-20,20/12/2018,official,https://www.invima.gov.co/productos-vigilados/medicamentos-y-productos-biologicos/sala-especializada-medicamentos-sintesis,listed,2026-09-01T21:04:26.464615+00:00,2026-09-01T21:04:26.464615+00:00,1,
2018-semnnimb-17-completa,Acta No 17 de 2018 SEMNNIMB,Acta No. 17 de 2018 SEMNNIMB,https://www.invima.gov.co/invima_website/static/attachments/medicamentos_sala_especializada_medicamentos_sintesis/Acta-No-17-de-2018-SEMNNIMB.pdf,2018,17,SEMNNIMB,,2019-01-11,11/01/2019,official,https://www.invima.gov.co/productos-vigilados/medicamentos-y-productos-biologicos/sala-especializada-medicamentos-sintesis,listed,2026-09-01T21:04:26.464615+00:00,2026-09-01T21:04:26.464615+00:00,1,
2018-semnnimb-18-completa,Acta No 18 de 2018 SEMNNIMB,Acta No. 18 de 2018 SEMNNIMB,https://www.invima.gov.co/invima_website/static/attachments/medicamentos_sala_especializada_medicamentos_sintesis/Acta-No-18-de-2018-SEMNNIMB.pdf,2018,18,SEMNNIMB,,2019-01-24,24/01/2019,official,https://www.invima.gov.co/productos-vigilados/medicamentos-y-productos-biologicos/sala-especializada-medicamentos-sintesis,listed,2026-09-01T21:04:26.464615+00:00,2026-09-01T21:04:26.464615+00:00,1,
2018-semnnimb-19-completa,Acta No 19 de 2018 SEMNNIMB,Acta No. 19 de 2018 SEMNNIMB,https://www.invima.gov.co/invima_website/static/attachments/medicamentos_sala_especializada_medicamentos_sintesis/Acta-No-19-de-2018-SEMNNIMB.pdf,2018,19,SEMNNIMB,,2019-02-14,14/02/2019,official,https://www.invima.gov.co/productos-vigilados/medicamentos-y-productos-biologicos/sala-especializada-medicamentos-sintesis,listed,2026-09-01T21:04:26.464615+00:00,2026-09-01T21:04:26.464615+00:00,1,
2019-sem-01-completa,Acta No 01 de 2019 SEM,Acta No. 01 de 2019 SEM,https://www.invima.gov.co/invima_website/static/attachments/medicamentos_sala_especializada_medicamentos_sintesis/Acta-No-01-de-2019-SEM.pdf,2019,01,SEM,,2019-01-15,15/01/2019,official,https://www.invima.gov.co/productos-vigilados/medicamentos-y-productos-biologicos/sala-especializada-medicamentos-sintesis,listed,2026-09-01T21:04:26.464615+00:00,2026-09-01T21:04:26.464615+00:00,1,
2019-sem-03-completa,Acta No 03 de 2019 SEM,Acta No. 03 de 2019 SEM,https://www.invima.gov.co/invima_website/static/attachments/medicamentos_sala_especializada_medicamentos_sintesis/Acta-No-03-de-2019-SEM.pdf,2019,03,SEM,,2019-02-15,15/02/2019,official,https://www.invima.gov.co/productos-vigilados/medicamentos-y-productos-biologicos/sala-especializada-medicamentos-sintesis,listed,2026-09-01T21:04:26.464615+00:00,2026-09-01T21:04:26.464615+00:00,1,
2019-sem-04-completa,Acta No 04 de 2019 SEM,Acta No. 04 de 2019 SEM,https://www.invima.gov.co/invima_website/static/attachments/medicamentos_sala_especializada_medicamentos_sintesis/Acta-No-04-de-2019-SEM.pdf,2019,04,SEM,,2019-02-15,15/02/2019,official,https://www.invima.gov.co/productos-vigilados/medicamentos-y-productos-biologicos/sala-especializada-medicamentos-sintesis,listed,2026-09-01T21:04:26.464615+00:00,2026-09-01T21:04:26.464615+00:00,1,
2019-sem-05-completa,Acta No 05 de 2019 SEM,Acta No. 05 de 2019 SEM,https://www.invima.gov.co/invima_website/static/attachments/medicamentos_sala_especializada_medicamentos_sintesis/Acta-No-05-de-2019-SEM.pdf,2019,05,SEM,,2019-03-06,06/03/2019,official,https://www.invima.gov.co/productos-vigilados/medicamentos-y-productos-biologicos/sala-especializada-medicamentos-sintesis,listed,2026-09-01T21:04:26.464615+00:00,2026-09-01T21:04:26.464615+00:00,1,
2019-sem-06-completa,Acta No 06 de 2019 SEM,Acta No. 06 de 2019 SEM,https://www.invima.gov.co/invima_website/static/attachments/medicamentos_sala_especializada_medicamentos_sintesis/Acta-No-06-de-2019-SEM.pdf,2019,06,SEM,,2019-03-27,27/03/2019,official,https://www.invima.gov.co/productos-vigilados/medicamentos-y-productos-biologicos/sala-especializada-medicamentos-sintesis,listed,2026-09-01T21:04:26.464615+00:00,2026-09-01T21:04:26.464615+00:00,1,
2019-sem-07-completa,Acta No 07 de 2019 SEM,Acta No. 07 de 2019 SEM,https://www.invima.gov.co/invima_website/static/attachments/medicamentos_sala_especializada_medicamentos_sintesis/Acta-No-07-de-2019-SEM.pdf,2019,07,SEM,,2019-04-05,05/04/2019,official,https://www.invima.gov.co/productos-vigilados/medicamentos-y-productos-biologicos/sala-especializada-medicamentos-sintesis,listed,2026-09-01T21:04:26.464615+00:00,2026-09-01T21:04:26.464615+00:00,1,
2019-sem-08-completa,Acta No 08 de 2019 SEM,Acta No. 08 de 2019 SEM,https://www.invima.gov.co/invima_website/static/attachments/medicamentos_sala_especializada_medicamentos_sintesis/Acta-No-08-de-2019-SEM.pdf,2019,08,SEM,,2019-04-12,12/04/2019,official,https://www.invima.gov.co/productos-vigilados/medicamentos-y-productos-biologicos/sala-especializada-medicamentos-sintesis,listed,2026-09-01T21:04:26.464615+00:00,2026-09-01T21:04:26.464615+00:00,1,
2019-sem-09-completa,Acta No 09 de 2019 SEM,Acta No. 09 de 2019 SEM,https://www.invima.gov.co/invima_website/static/attachments/medicamentos_sala_especializada_medicamentos_sintesis/Acta-No-09-de-2019-SEM.pdf,2019,09,SEM,,2019-05-13,13/05/2019,official,https://www.invima.gov.co/productos-vigilados/medicamentos-y-productos-biologicos/sala-especializada-medicamentos-sintesis,listed,2026-09-01T21:04:26.464615+00:00,2026-09-01T21:04:26.464615+00:00,1,
2019-sem-10-completa,Acta No 10 de 2019 SEM,Acta No. 10 de 2019 SEM,https://www.invima.gov.co/invima_website/static/attachments/medicamentos_sala_especializada_medicamentos_sintesis/Acta-No-10-de-2019-SEM.pdf,2019,10,SEM,,2019-05-13,13/05/2019,official,https://www.invima.gov.co/productos-vigilados/medicamentos-y-productos-biologicos/sala-especializada-medicamentos-sintesis,listed,2026-09-01T21:04:26.464615+00:00,2026-09-01T21:04:26.464615+00:00,1,
2019-sem-11-completa,Acta No 11 de 2019 SEM,Acta No. 11 de 2019 SEM,https://www.invima.gov.co/invima_website/static/attachments/medicamentos_sala_especializada_medicamentos_sintesis/Acta-No-11-de-2019-SEM.pdf,2019,11,SEM,,2019-06-04,04/06/2019,official,https://www.invima.gov.co/productos-vigilados/medicamentos-y-productos-biologicos/sala-especializada-medicamentos-sintesis,listed,2026-09-01T21:04:26.464615+00:00,2026-09-01T21:04:26.464615+00:00,1,
2019-sem-12-completa,Acta No 12 de 2019 SEM,Acta No. 12 de 2019 SEM,https://www.invima.gov.co/invima_website/static/attachments/medicamentos_sala_especializada_medicamentos_sintesis/Acta-No-12-de-2019-SEM.pdf,2019,12,SEM,,2019-05-30,30/05/2019,official,https://www.invima.gov.co/productos-vigilados/medicamentos-y-productos-biologicos/sala-especializada-medicamentos-sintesis,listed,2026-09-01T21:04:26.464615+00:00,2026-09-01T21:04:26.464615+00:00,1,
2019-sem-13-completa,Acta No 13 de 2019 SEM,Acta No. 13 de 2019 SEM,https://www.invima.gov.co/invima_website/static/attachments/medicamentos_sala_especializada_medicamentos_sintesis/Acta-No-13-de-2019-SEM.pdf,2019,13,SEM,,2019-06-12,12/06/2019,official,https://www.invima.gov.co/productos-vigilados/medicamentos-y-productos-biologicos/sala-especializada-medicamentos-sintesis,listed,2026-09-01T21:04:26.464615+00:00,2026-09-01T21:04:26.464615+00:00,1,
2019-sem-14-completa,Acta No 14 de 2019 SEM,Acta No. 14 de 2019 SEM,https://www.invima.gov.co/invima_website/static/attachments/medicamentos_sala_especializada_medicamentos_sintesis/Acta-No-14-de-2019-SEM.pdf,2019,14,SEM,,2019-07-10,10/07/2019,official,https://www.invima.gov.co/productos-vigilados/medicamentos-y-productos-biologicos/sala-especializada-medicamentos-sintesis,listed,2026-09-01T21:04:26.464615+00:00,2026-09-01T21:04:26.464615+00:00,1,
2019-sem-15-completa,Acta No 15 de 2019 SEM,Acta No. 15 de 2019 SEM,https://www.invima.gov.co/invima_website/static/attachments/medicamentos_sala_especializada_medicamentos_sintesis/Acta-No-15-de-2019-SEM.pdf,2019,15,SEM,,2019-07-16,16/07/2019,official,https://www.invima.gov.co/productos-vigilados/medicamentos-y-productos-biologicos/sala-especializada-medicamentos-sintesis,listed,2026-09-01T21:04:26.464615+00:00,2026-09-01T21:04:26.464615+00:00,1,
2019-sem-16-completa,Acta No 16 de 2019 SEM,Acta No. 16 de 2019 SEM,https://www.invima.gov.co/invima_website/static/attachments/medicamentos_sala_especializada_medicamentos_sintesis/Acta-No-16-de-2019-SEM.pdf,2019,16,SEM,,2019-07-23,23/07/2019,official,https://www.invima.gov.co/productos-vigilados/medicamentos-y-productos-biologicos/sala-especializada-medicamentos-sintesis,listed,2026-09-01T21:04:26.464615+00:00,2026-09-01T21:04:26.464615+00:00,1,
2019-sem-17-completa,Acta No 17 de 2019 SEM,Acta No. 17 de 2019 SEM,https://www.invima.gov.co/invima_website/static/attachments/medicamentos_sala_especializada_medicamentos_sintesis/Acta-No-17-de-2019-SEM.pdf,2019,17,SEM,,2019-08-02,02/08/2019,official,https://www.invima.gov.co/productos-vigilados/medicamentos-y-productos-biologicos/sala-especializada-medicamentos-sintesis,listed,2026-09-01T21:04:26.464615+00:00,2026-09-01T21:04:26.464615+00:00,1,
2019-sem-18-completa,Acta No 18 de 2019 SEM,Acta No. 18 de 2019 SEM,https://www.invima.gov.co/invima_website/static/attachments/medicamentos_sala_especializada_medicamentos_sintesis/Acta-No-18-de-2019-SEM.pdf,2019,18,SEM,,2019-08-05,05/08/2019,official,https://www.invima.gov.co/productos-vigilados/medicamentos-y-productos-biologicos/sala-especializada-medicamentos-sintesis,listed,2026-09-01T21:04:26.464615+00:00,2026-09-01T21:04:26.464615+00:00,1,
2019-sem-19-completa,Acta No 19 de 2019 SEM,Acta No. 19 de 2019 SEM,https://www.invima.gov.co/invima_website/static/attachments/medicamentos_sala_especializada_medicamentos_sintesis/Acta-No-19-de-2019-SEM.pdf,2019,19,SEM,,2019-08-22,22/08/2019,official,https://www.invima.gov.co/productos-vigilados/medicamentos-y-productos-biologicos/sala-especializada-medicamentos-sintesis,listed,2026-09-01T21:04:26.464615+00:00,2026-09-01T21:04:26.464615+00:00,1,
2019-sem-20-completa,Acta No 20 de 2019 SEM,Acta No. 20 de 2019 SEM,https://www.invima.gov.co/invima_website/static/attachments/medicamentos_sala_especializada_medicamentos_sintesis/Acta-No-20-de-2019-SEM.pdf,2019,20,SEM,,2019-09-12,12/09/2019,official,https://www.invima.gov.co/productos-vigilados/medicamentos-y-productos-biologicos/sala-especializada-medicamentos-sintesis,listed,2026-09-01T21:04:26.464615+00:00,2026-09-01T21:04:26.464615+00:00,1,
2019-sem-21-completa,Acta No 21 de 2019 SEM,Acta No. 21 de 2019 SEM,https://www.invima.gov.co/invima_website/static/attachments/medicamentos_sala_especializada_medicamentos_sintesis/Acta-No-21-de-2019-SEM.pdf,2019,21,SEM,,2019-10-02,02/10/2019,official,https://www.invima.gov.co/productos-vigilados/medicamentos-y-productos-biologicos/sala-especializada-medicamentos-sintesis,listed,2026-09-01T21:04:26.464615+00:00,2026-09-01T21:04:26.464615+00:00,1,
2019-sem-22-completa,Acta No 22 de 2019 SEM,Acta No. 22 de 2019 SEM,https://www.invima.gov.co/invima_website/static/attachments/medicamentos_sala_especializada_medicamentos_sintesis/Acta_20No._2022_20de_202019_20SEM.pdf,2019,22,SEM,,2019-11-01,01/11/2019,official,https://www.invima.gov.co/productos-vigilados/medicamentos-y-productos-biologicos/sala-especializada-medicamentos-sintesis,listed,2026-09-01T21:04:26.464615+00:00,2026-09-01T21:04:26.464615+00:00,1,
2019-sem-23-completa,Acta No 23 de 2019 SEM,Acta No. 23 de 2019 SEM,https://www.invima.gov.co/invima_website/static/attachments/medicamentos_sala_especializada_medicamentos_sintesis/Acta_20No._2023_20de_202019_20SEM.pdf,2019,23,SEM,,2019-11-01,01/11/2019,official,https://www.invima.gov.co/productos-vigilados/medicamentos-y-productos-biologicos/sala-especializada-medicamentos-sintesis,listed,2026-09-01T21:04:26.464615+00:00,2026-09-01T21:04:26.464615+00:00,1,
2019-sem-24-completa,Acta No 24 de 2019 SEM,Acta No. 24 de 2019 SEM,https://www.invima.gov.co/invima_website/static/attachments/medicamentos_sala_especializada_medicamentos_sintesis/Acta-No-24-de-2019-SEM.pdf,2019,24,SEM,,2019-11-20,20/11/2019,official,https://www.invima.gov.co/productos-vigilados/medicamentos-y-productos-biologicos/sala-especializada-medicamentos-sintesis,listed,2026-09-01T21:04:26.464615+00:00,2026-09-01T21:04:26.464615+00:00,1,
2019-sem-25-completa,Acta No 25 de 2019 SEM,Acta No. 25 de 2019 SEM,https://www.invima.gov.co/invima_website/static/attachments/medicamentos_sala_especializada_medicamentos_sintesis/Acta_No_25_de_2019_SEM_21_febrero_2020.pdf,2019,25,SEM,,2019-12-19,19/12/2019,official,https://www.invima.gov.co/productos-vigilados/medicamentos-y-productos-biologicos/sala-especializada-medicamentos-sintesis,listed,2026-09-01T21:04:26.464615+00:00,2026-09-01T21:04:26.464615+00:00,1,
2019-sem-26-completa,Acta No 26 de 2019 SEM,Acta No. 26 de 2019 SEM,https://www.invima.gov.co/invima_website/static/attachments/medicamentos_sala_especializada_medicamentos_sintesis/Acta_No_26_de_2019_SEM_21_febrero_2.pdf,2019,26,SEM,,2019-12-26,26/12/2019,official,https://www.invima.gov.co/productos-vigilados/medicamentos-y-productos-biologicos/sala-especializada-medicamentos-sintesis,listed,2026-09-01T21:04:26.464615+00:00,2026-09-01T21:04:26.464615+00:00,1,
2019-sem-27-completa,Acta No 27 de 2019 SEM,​​​​​​Acta No. 27 de 2019 SEM,https://www.invima.gov.co/invima_website/static/attachments/medicamentos_sala_especializada_medicamentos_sintesis/Acta_No_27_de_2019_SEM.pdf,2019,27,SEM,,2020-02-20,20/02/2020,official,https://www.invima.gov.co/productos-vigilados/medicamentos-y-productos-biologicos/sala-especializada-medicamentos-sintesis,listed,2026-09-01T21:04:26.464615+00:00,2026-09-01T21:04:26.464615+00:00,1,
2019-semnnimb-01-completa,Acta No 01 de 2019 SEMNNIMB,Acta No. 01 de 2019 SEMNNIMB,https://www.invima.gov.co/invima_website/static/attachments/medicamentos_sala_especializada_medicamentos_sintesis/Acta-No-01-de-2019-SEMNNIMB.pdf,2019,01,SEMNNIMB,,2019-03-13,13/03/2019,official,https://www.invima.gov.co/productos-vigilados/medicamentos-y-productos-biologicos/sala-especializada-medicamentos-sintesis,listed,2026-09-01T21:04:26.464615+00:00,2026-09-01T21:04:26.464615+00:00,1,
2019-semnnimb-02-completa,Acta No 02 de 2019 SEMNNIMB,Acta No. 02 de 2019 SEMNNIMB,https://www.invima.gov.co/invima_website/static/attachments/medicamentos_sala_especializada_medicamentos_sintesis/Acta-No-02-de-2019-SEMNNIMB.pdf,2019,02,SEMNNIMB,,2019-03-27,27/03/2019,official,https://www.invima.gov.co/productos-vigilados/medicamentos-y-productos-biologicos/sala-especializada-medicamentos-sintesis,listed,2026-09-01T21:04:26.464615+00:00,2026-09-01T21:04:26.464615+00:00,1,
2019-semnnimb-03-completa,Acta No 03 de 2019 SEMNNIMB,Acta No. 03 de 2019 SEMNNIMB,https://www.invima.gov.co/invima_website/static/attachments/medicamentos_sala_especializada_medicamentos_sintesis/Acta-No-03-de-2019-SEMNNIMB.pdf,2019,03,SEMNNIMB,,2019-04-12,12/04/2019,official,https://www.invima.gov.co/productos-vigilados/medicamentos-y-productos-biologicos/sala-especializada-medicamentos-sintesis,listed,2026-09-01T21:04:26.464615+00:00,2026-09-01T21:04:26.464615+00:00,1,
2019-semnnimb-04-completa,Acta No 04 de 2019 SEMNNIMB,Acta No. 04 de 2019 SEMNNIMB,https://www.invima.gov.co/invima_website/static/attachments/medicamentos_sala_especializada_medicamentos_sintesis/Acta-No-04-de-2019-SEMNNIMB.pdf,2019,04,SEMNNIMB,,2019-05-08,08/05/2019,official,https://www.invima.gov.co/productos-vigilados/medicamentos-y-productos-biologicos/sala-especializada-medicamentos-sintesis,listed,2026-09-01T21:04:26.464615+00:00,2026-09-01T21:04:26.464615+00:00,1,
2019-semnnimb-05-completa,Acta No 05 de 2019 SEMNNIMB,Acta No. 05 de 2019 SEMNNIMB,https://www.invima.gov.co/invima_website/static/attachments/medicamentos_sala_especializada_medicamentos_sintesis/Acta-No-05-de-2019-SEMNNIMB.pdf,2019,05,SEMNNIMB,,2019-05-13,13/05/2019,official,https://www.invima.gov.co/productos-vigilados/medicamentos-y-productos-biologicos/sala-especializada-medicamentos-sintesis,listed,2026-09-01T21:04:26.464615+00:00,2026-09-01T21:04:26.464615+00:00,1,
2019-semnnimb-06-completa,Acta No 06 de 2019 SEMNNIMB,Acta No. 06 de 2019 SEMNNIMB,https://www.invima.gov.co/invima_website/static/attachments/medicamentos_sala_especializada_medicamentos_sintesis/Acta-No-06-de-2019-SEMNNIMB.pdf,2019,06,SEMNNIMB,,2019-06-04,04/06/2019,official,https://www.invima.gov.co/productos-vigilados/medicamentos-y-productos-biologicos/sala-especializada-medicamentos-sintesis,listed,2026-09-01T21:04:26.464615+00:00,2026-09-01T21:04:26.464615+00:00,1,
2019-semnnimb-07-completa,Acta No 07 de 2019 SEMNNIMB,Acta No. 07 de 2019 SEMNNIMB,https://www.invima.gov.co/invima_website/static/attachments/medicamentos_sala_especializada_medicamentos_sintesis/Acta-No-07-de-2019-SEMNNIMB.pdf,2019,07,SEMNNIMB,,2019-06-17,17/06/2019,official,https://www.invima.gov.co/productos-vigilados/medicamentos-y-productos-biologicos/sala-especializada-medicamentos-sintesis,listed,2026-09-01T21:04:26.464615+00:00,2026-09-01T21:04:26.464615+00:00,1,
2019-semnnimb-08-completa,Acta No 08 de 2019 SEMNNIMB,Acta No. 08 de 2019 SEMNNIMB,https://www.invima.gov.co/invima_website/static/attachments/medicamentos_sala_especializada_medicamentos_sintesis/Acta-No-08-de-2019-SEMNNIMB.pdf,2019,08,SEMNNIMB,,2019-07-16,16/07/2019,official,https://www.invima.gov.co/productos-vigilados/medicamentos-y-productos-biologicos/sala-especializada-medicamentos-sintesis,listed,2026-09-01T21:04:26.464615+00:00,2026-09-01T21:04:26.464615+00:00,1,
2019-semnnimb-09-completa,Acta No 09 de 2019 SEMNNIMB,Acta No. 09 de 2019 SEMNNIMB,https://www.invima.gov.co/invima_website/static/attachments/medicamentos_sala_especializada_medicamentos_sintesis/Acta-No-09-de-2019-SEMNNIMB.pdf,2019,09,SEMNNIMB,,2019-08-02,02/08/2019,official,https://www.invima.gov.co/productos-vigilados/medicamentos-y-productos-biologicos/sala-especializada-medicamentos-sintesis,listed,2026-09-01T21:04:26.464615+00:00,2026-09-01T21:04:26.464615+00:00,1,
2019-semnnimb-10-completa,Acta No 10 de 2019 SEMNNIMB,Acta No. 10 de 2019 SEMNNIMB,https://www.invima.gov.co/invima_website/static/attachments/medicamentos_sala_especializada_medicamentos_sintesis/Acta-No-10-de-2019-SEMNNIMB.pdf,2019,10,SEMNNIMB,,2019-08-12,12/08/2019,official,https://www.invima.gov.co/productos-vigilados/medicamentos-y-productos-biologicos/sala-especializada-medicamentos-sintesis,listed,2026-09-01T21:04:26.464615+00:00,2026-09-01T21:04:26.464615+00:00,1,
2019-semnnimb-11-completa,Acta No 11 de 2019 SEMNNIMB,Acta No. 11 de 2019 SEMNNIMB,https://www.invima.gov.co/invima_website/static/attachments/medicamentos_sala_especializada_medicamentos_sintesis/Acta-No-11-de-2019-SEMNNIMB.pdf,2019,11,SEMNNIMB,,2019-08-26,26/08/2019,official,https://www.invima.gov.co/productos-vigilados/medicamentos-y-productos-biologicos/sala-especializada-medicamentos-sintesis,listed,2026-09-01T21:04:26.464615+00:00,2026-09-01T21:04:26.464615+00:00,1,
2019-semnnimb-12-completa,Acta No 12 de 2019 SEMNNIMB,Acta No. 12 de 2019 SEMNNIMB,https://www.invima.gov.co/invima_website/static/attachments/medicamentos_sala_especializada_medicamentos_sintesis/Acta-No-12-de-2019-SEMNNIMB.pdf,2019,12,SEMNNIMB,,2019-09-13,13/09/2019,official,https://www.invima.gov.co/productos-vigilados/medicamentos-y-productos-biologicos/sala-especializada-medicamentos-sintesis,listed,2026-09-01T21:04:26.464615+00:00,2026-09-01T21:04:26.464615+00:00,1,
2019-semnnimb-13-completa,Acta No 13 de 2019 SEMNNIMB,Acta No. 13 de 2019 SEMNNIMB,https://www.invima.gov.co/invima_website/static/attachments/medicamentos_sala_especializada_medicamentos_sintesis/Acta-No-13-de-2019-SEMNNIMB.pdf,2019,13,SEMNNIMB,,2019-10-25,25/10/2019,official,https://www.invima.gov.co/productos-vigilados/medicamentos-y-productos-biologicos/sala-especializada-medicamentos-sintesis,listed,2026-09-01T21:04:26.464615+00:00,2026-09-01T21:04:26.464615+00:00,1,
2019-semnnimb-14-completa,Acta No 14 de 2019 SEMNNIMB,Acta No. 14 de 2019 SEMNNIMB,https://www.invima.gov.co/invima_website/static/attachments/medicamentos_sala_especializada_medicamentos_sintesis/Acta-No-14-de-2019-SEMNNIMB.pdf,2019,14,SEMNNIMB,,2019-11-14,14/11/2019,official,https://www.invima.gov.co/productos-vigilados/medicamentos-y-productos-biologicos/sala-especializada-medicamentos-sintesis,listed,2026-09-01T21:04:26.464615+00:00,2026-09-01T21:04:26.464615+00:00,1,
2019-semnnimb-15-completa,Acta No 15 de 2019 SEMNNIMB,Acta No. 15 de 2019 SEMNNIMB,https://www.invima.gov.co/invima_website/static/attachments/medicamentos_sala_especializada_medicamentos_sintesis/Acta_No_15_de_2019_SEMNNIMB.pdf,2019,15,SEMNNIMB,,2019-12-19,19/12/2019,official,https://www.invima.gov.co/productos-vigilados/medicamentos-y-productos-biologicos/sala-especializada-medicamentos-sintesis,listed,2026-09-01T21:04:26.464615+00:00,2026-09-01T21:04:26.464615+00:00,1,
2019-semnnimb-16-completa,Acta No 16 de 2019 SEMNNIMB,Acta No. 16 de 2019 SEMNNIMB,https://www.invima.gov.co/invima_website/static/attachments/medicamentos_sala_especializada_medicamentos_sintesis/Acta_No_16_de_2019_SEMNNIMB_modificacion.pdf,2019,16,SEMNNIMB,,2019-12-31,31/12/2019,official,https://www.invima.gov.co/productos-vigilados/medicamentos-y-productos-biologicos/sala-especializada-medicamentos-sintesis,listed,2026-09-01T21:04:26.464615+00:00,2026-09-01T21:04:26.464615+00:00,1,
2019-semnnimb-17-completa,Acta No 17 de 2019 SEMNNIMB,Acta No. 17 de 2019 SEMNNIMB,https://www.invima.gov.co/invima_website/static/attachments/medicamentos_sala_especializada_medicamentos_sintesis/Acta_No_17_de_2019_SEMNNIMB.pdf,2019,17,SEMNNIMB,,2020-02-10,10/02/2020,official,https://www.invima.gov.co/productos-vigilados/medicamentos-y-productos-biologicos/sala-especializada-medicamentos-sintesis,listed,2026-09-01T21:04:26.464615+00:00,2026-09-01T21:04:26.464615+00:00,1,
2020-sem-01-completa,Acta No 01 de 2020 SEM,Acta No. 01 de 2020 SEM,https://www.invima.gov.co/invima_website/static/attachments/medicamentos_sala_especializada_medicamentos_sintesis/Acta_20No._2001_20de_202020_20SEM-final.pdf,2020,01,SEM,,2020-03-18,18/03/2020,official,https://www.invima.gov.co/productos-vigilados/medicamentos-y-productos-biologicos/sala-especializada-medicamentos-sintesis,listed,2026-09-01T21:04:26.464615+00:00,2026-09-01T21:04:26.464615+00:00,1,
2020-sem-02-completa,Acta No 02 de 2020 SEM,Acta No. 02 de 2020 SEM,https://www.invima.gov.co/invima_website/static/attachments/medicamentos_sala_especializada_medicamentos_sintesis/Acta-No-02-de-2020-SEM.pdf,2020,02,SEM,,2020-04-07,07/04/2020,official,https://www.invima.gov.co/productos-vigilados/medicamentos-y-productos-biologicos/sala-especializada-medicamentos-sintesis,listed,2026-09-01T21:04:26.464615+00:00,2026-09-01T21:04:26.464615+00:00,1,
2020-sem-03-completa,Acta No 03 de 2020 SEM,Acta No. 03 de 2020 SEM,https://www.invima.gov.co/invima_website/static/attachments/medicamentos_sala_especializada_medicamentos_sintesis/Acta-No-03-SEM-2020.pdf,2020,03,SEM,,2020-05-08,08/05/2020,official,https://www.invima.gov.co/productos-vigilados/medicamentos-y-productos-biologicos/sala-especializada-medicamentos-sintesis,listed,2026-09-01T21:04:26.464615+00:00,2026-09-01T21:04:26.464615+00:00,1,
2020-sem-04-completa,Acta No 04 de 2020 SEM,Acta No. 04 de 2020 SEM,https://www.invima.gov.co/invima_website/static/attachments/medicamentos_sala_especializada_medicamentos_sintesis/Acta-No-04-SEM-2020.pdf,2020,04,SEM,,2020-05-08,08/05/2020,official,https://www.invima.gov.co/productos-vigilados/medicamentos-y-productos-biologicos/sala-especializada-medicamentos-sintesis,listed,2026-09-01T21:04:26.464615+00:00,2026-09-01T21:04:26.464615+00:00,1,
2020-sem-05-completa,Acta No 05 de 2020 SEM,Acta No. 05 de 2020 SEM,https://www.invima.gov.co/invima_website/static/attachments/medicamentos_sala_especializada_medicamentos_sintesis/Acta-No-05-de-2020-SEM.pdf,2020,05,SEM,,2020-05-19,19/05/2020,official,https://www.invima.gov.co/productos-vigilados/medicamentos-y-productos-biologicos/sala-especializada-medicamentos-sintesis,listed,2026-09-01T21:04:26.464615+00:00,2026-09-01T21:04:26.464615+00:00,1,
2020-sem-06-completa,Acta No 06 de 2020 SEM,Acta No. 06 de 2020 SEM,https://www.invima.gov.co/invima_website/static/attachments/medicamentos_sala_especializada_medicamentos_sintesis/Acta_20No._2006_20de_202020_20SEM_20-_20Ultima.pdf,2020,06,SEM,,2020-06-11,11/06/2020,official,https://www.invima.gov.co/productos-vigilados/medicamentos-y-productos-biologicos/sala-especializada-medicamentos-sintesis,listed,2026-09-01T21:04:26.464615+00:00,2026-09-01T21:04:26.464615+00:00,1,
2020-sem-07-completa,Acta No 07 de 2020 SEM,Acta No. 07 de 2020 SEM,https://www.invima.gov.co/invima_website/static/attachments/medicamentos_sala_especializada_medicamentos_sintesis/Acta-No-07-SEM-2020-C.pdf,2020,07,SEM,,2020-07-15,15/07/2020,official,https://www.invima.gov.co/productos-vigilados/medicamentos-y-productos-biologicos/sala-especializada-medicamentos-sintesis,listed,2026-09-01T21:04:26.464615+00:00,2026-09-01T21:04:26.464615+00:00,1,
2020-sem-08-completa,Acta No 08 de 2020 SEM,Acta No. 08 de 2020 SEM,https://www.invima.gov.co/invima_website/static/attachments/medicamentos_sala_especializada_medicamentos_sintesis/Acta-No-08-de-2020-SEMv1.pdf.pdf,2020,08,SEM,,2020-07-16,16/07/2020,official,https://www.invima.gov.co/productos-vigilados/medicamentos-y-productos-biologicos/sala-especializada-medicamentos-sintesis,listed,2026-09-01T21:04:26.464615+00:00,2026-09-01T21:04:26.464615+00:00,1,
2020-sem-09-completa,Acta No 09 de 2020 SEM,Acta No. 09 de 2020 SEM,https://www.invima.gov.co/invima_website/static/attachments/medicamentos_sala_especializada_medicamentos_sintesis/Acta_20No._2009_20SEM_202020_20-_20Ultima.pdf,2020,09,SEM,,2020-07-29,29/07/2020,official,https://www.invima.gov.co/productos-vigilados/medicamentos-y-productos-biologicos/sala-especializada-medicamentos-sintesis,listed,2026-09-01T21:04:26.464615+00:00,2026-09-01T21:04:26.464615+00:00,1,
2020-sem-10-completa,Acta No 10 de 2020 SEM,Acta No. 10 de 2020 SEM,https://www.invima.gov.co/invima_website/static/attachments/medicamentos_sala_especializada_medicamentos_sintesis/Acta_20No._2010_20de_202020_20SEM.pdf,2020,10,SEM,,2020-08-12,12/08/2020,official,https://www.invima.gov.co/productos-vigilados/medicamentos-y-productos-biologicos/sala-especializada-medicamentos-sintesis,listed,2026-09-01T21:04:26.464615+00:00,2026-09-01T21:04:26.464615+00:00,1,
2020-sem-11-completa,Acta No 11 de 2020 SEM,Acta No. 11 de 2020 SEM,https://www.invima.gov.co/invima_website/static/attachments/medicamentos_sala_especializada_medicamentos_sintesis/Acta_20No._2011_20de_202020_20SEM.pdf,2020,11,SEM,,2020-08-12,12/08/2020,official,https://www.invima.gov.co/productos-vigilados/medicamentos-y-productos-biologicos/sala-especializada-medicamentos-sintesis,listed,2026-09-01T21:04:26.464615+00:00,2026-09-01T21:04:26.464615+00:00,1,
2020-sem-12-completa,Acta No 12 de 2020 SEM,Acta No. 12 de 2020 SEM,https://www.invima.gov.co/invima_website/static/attachments/medicamentos_sala_especializada_medicamentos_sintesis/Acta_20No._2012_20de_202020_20SEM.pdf,2020,12,SEM,,2020-08-12,12/08/2020,official,https://www.invima.gov.co/productos-vigilados/medicamentos-y-productos-biologicos/sala-especializada-medicamentos-sintesis,listed,2026-09-01T21:04:26.464615+00:00,2026-09-01T21:04:26.464615+00:00,1,
2020-sem-13-completa,Acta No 13 de 2020 SEM,Acta No. 13 de 2020 SEM,https://www.invima.gov.co/invima_website/static/attachments/medicamentos_sala_especializada_medicamentos_sintesis/Acta_20No._2013_20de_202020_20SEM_20-_20Ultima.pdf,2020,13,SEM,,2020-08-31,31/08/2020,official,https://www.invima.gov.co/productos-vigilados/medicamentos-y-productos-biologicos/sala-especializada-medicamentos-sintesis,listed,2026-09-01T21:04:26.464615+00:00,2026-09-01T21:04:26.464615+00:00,1,
2020-sem-14-completa,Acta No 14 de 2020 SEM,Acta No. 14 de 2020 SEM,https://www.invima.gov.co/invima_website/static/attachments/medicamentos_sala_especializada_medicamentos_sintesis/Acta_20No._2014_20de_202020_20SEM.pdf,2020,14,SEM,,2020-08-31,31/08/2020,official,https://www.invima.gov.co/productos-vigilados/medicamentos-y-productos-biologicos/sala-especializada-medicamentos-sintesis,listed,2026-09-01T21:04:26.464615+00:00,2026-09-01T21:04:26.464615+00:00,1,
2020-sem-15-completa,Acta No 15 de 2020 SEM,Acta No. 15 de 2020 SEM,https://www.invima.gov.co/invima_website/static/attachments/medicamentos_sala_especializada_medicamentos_sintesis/Acta_20No._2015_20de_202020_20SEM.pdf,2020,15,SEM,,2020-09-25,25/09/2020,official,https://www.invima.gov.co/productos-vigilados/medicamentos-y-productos-biologicos/sala-especializada-medicamentos-sintesis,listed,2026-09-01T21:04:26.464615+00:00,2026-09-01T21:04:26.464615+00:00,1,
2020-sem-16-completa,Acta No 16 de 2020 SEM,Acta No. 16 de 2020 SEM,https://www.invima.gov.co/invima_website/static/attachments/medicamentos_sala_especializada_medicamentos_sintesis/Acta_20No_20_2016_20de_202020_20SEM.pdf,2020,16,SEM,,2020-09-30,30/09/2020,official,https://www.invima.gov.co/productos-vigilados/medicamentos-y-productos-biologicos/sala-especializada-medicamentos-sintesis,listed,2026-09-01T21:04:26.464615+00:00,2026-09-01T21:04:26.464615+00:00,1,
2020-sem-17-completa,Acta No 17 de 2020 SEM,Acta No. 17 de 2020 SEM,https://www.invima.gov.co/invima_website/static/attachments/medicamentos_sala_especializada_medicamentos_sintesis/Acta_20No._2017_20de_202020_20SEM.pdf,2020,17,SEM,,2020-10-19,19/10/2020,official,https://www.invima.gov.co/productos-vigilados/medicamentos-y-productos-biologicos/sala-especializada-medicamentos-sintesis,listed,2026-09-01T21:04:26.464615+00:00,2026-09-01T21:04:26.464615+00:00,1,
2020-sem-18-completa,Acta No 18 de 2020 SEM,Acta No. 18 de 2020 SEM,https://www.invima.gov.co/invima_website/static/attachments/medicamentos_sala_especializada_medicamentos_sintesis/Acta_20No_20_2018_20de_202020.pdf,2020,18,SEM,,2020-10-23,23/10/2020,official,https://www.invima.gov.co/productos-vigilados/medicamentos-y-productos-biologicos/sala-especializada-medicamentos-sintesis,listed,2026-09-01T21:04:26.464615+00:00,2026-09-01T21:04:26.464615+00:00,1,
2020-sem-19-completa,Acta No 19 de 2020 SEM,Acta No. 19 de 2020 SEM,https://www.invima.gov.co/invima_website/static/attachments/medicamentos_sala_especializada_medicamentos_sintesis/Acta_20No._2019_20de_202020_20SEM.pdf,2020,19,SEM,,2020-10-19,19/10/2020,official,https://www.invima.gov.co/productos-vigilados/medicamentos-y-productos-biologicos/sala-especializada-medicamentos-sintesis,listed,2026-09-01T21:04:26.464615+00:00,2026-09-01T21:04:26.464615+00:00,1,
2020-sem-20-completa,Acta No 20 de 2020 SEM,Acta No. 20 de 2020 SEM,https://www.invima.gov.co/invima_website/static/attachments/medicamentos_sala_especializada_medicamentos_sintesis/Acta_20No_20_2020_20de_202020_20SEM.pdf,2020,20,SEM,,2020-11-17,17/11/2020,official,https://www.invima.gov.co/productos-vigilados/medicamentos-y-productos-biologicos/sala-especializada-medicamentos-sintesis,listed,2026-09-01T21:04:26.464615+00:00,2026-09-01T21:04:26.464615+00:00,1,
2020-sem-21-completa,Acta No 21 de 2020 SEM,Acta No. 21 de 2020 SEM,https://www.invima.gov.co/invima_website/static/attachments/medicamentos_sala_especializada_medicamentos_sintesis/ACTA_2021_20de_202020.pdf,2020,21,SEM,,2020-12-09,09/12/2020,official,https://www.invima.gov.co/productos-vigilados/medicamentos-y-productos-biologicos/sala-especializada-medicamentos-sintesis,listed,2026-09-01T21:04:26.464615+00:00,2026-09-01T21:04:26.464615+00:00,1,
2020-sem-22-completa,Acta No 22 de 2020 SEM,Acta No. 22 de 2020 SEM,https://www.invima.gov.co/invima_website/static/attachments/medicamentos_sala_especializada_medicamentos_sintesis/ACTA_2022_20SEM_202020c.pdf,2020,22,SEM,,2020-01-22,22/01/2020,official,https://www.invima.gov.co/productos-vigilados/medicamentos-y-productos-biologicos/sala-especializada-medicamentos-sintesis,listed,2026-09-01T21:04:26.464615+00:00,2026-09-01T21:04:26.464615+00:00,1,
2020-sem-23-completa,Acta No 23 de 2020 SEM,Acta No. 23 de 2020 SEM,https://www.invima.gov.co/invima_website/static/attachments/medicamentos_sala_especializada_medicamentos_sintesis/ACTA-23-SEM-2020.pdf,2020,23,SEM,,2020-01-22,22/01/2020,official,https://www.invima.gov.co/productos-vigilados/medicamentos-y-productos-biologicos/sala-especializada-medicamentos-sintesis,listed,2026-09-01T21:04:26.464615+00:00,2026-09-01T21:04:26.464615+00:00,1,
2020-sem-24-completa,Acta No 24 de 2020 SEM,Acta No. 24 de 2020 SEM,https://www.invima.gov.co/invima_website/static/attachments/medicamentos_sala_especializada_medicamentos_sintesis/ACTA-24-SEM-2020v2.pdf,2020,24,SEM,,2020-01-22,22/01/2020,official,https://www.invima.gov.co/productos-vigilados/medicamentos-y-productos-biologicos/sala-especializada-medicamentos-sintesis,listed,2026-09-01T21:04:26.464615+00:00,2026-09-01T21:04:26.464615+00:00,1,
2020-semnnimb-01-completa,Acta No 01 de 2020 SEMNNIMB,Acta No. 01 de 2020 SEMNNIMB,https://www.invima.gov.co/biblioteca/acta-no-01-de-2020-semnnimbpdf,2020,01,SEMNNIMB,,2020-03-17,17/03/2020,official,https://www.invima.gov.co/productos-vigilados/medicamentos-y-productos-biologicos/sala-especializada-medicamentos-sintesis,listed,2026-09-01T21:04:26.464615+00:00,2026-09-01T21:04:26.464615+00:00,1,https://www.invima.gov.co/invima_website/static/attachments/medicamentos_sala_especializada_medicamentos_sintesis/Acta-No-01-de-2020-SEMNNIMB.pdf
2020-semnnimb-02-completa,Acta No 02 de 2020 SEMNNIMB,Acta No. 02 de 2020 SEMNNIMB,https://www.invima.gov.co/biblioteca/download/90289,2020,02,SEMNNIMB,,2020-04-14,14/04/2020,official,https://www.invima.gov.co/productos-vigilados/medicamentos-y-productos-biologicos/sala-especializada-medicamentos-sintesis,listed,2026-09-01T21:04:26.464615+00:00,2026-09-01T21:04:26.464615+00:00,1,https://www.invima.gov.co/invima_website/static/attachments/medicamentos_sala_especializada_medicamentos_sintesis/Acta-No-02-de-2020-SEMNNIMB.pdf
2020-semnnimb-03-completa,Acta No 03 de 2020 SEMNNIMB,Acta No. 03 de 2020 SEMNNIMB,https://www.invima.gov.co/biblioteca/download/123532,2020,03,SEMNNIMB,,2020-04-17,17/04/2020,official,https://www.invima.gov.co/productos-vigilados/medicamentos-y-productos-biologicos/sala-especializada-medicamentos-sintesis,listed,2026-09-01T21:04:26.464615+00:00,2026-09-01T21:04:26.464615+00:00,1,https://www.invima.gov.co/invima_website/static/attachments/medicamentos_sala_especializada_medicamentos_sintesis/Acta-No-03-de-2020-SEMNNIMB.pdf
2020-semnnimb-04-completa,Acta No 04 de 2020 SEMNNIMB,Acta No. 04 de 2020 SEMNNIMB,https://www.invima.gov.co/biblioteca/download/124545,2020,04,SEMNNIMB,,2020-05-06,06/05/2020,official,https://www.invima.gov.co/productos-vigilados/medicamentos-y-productos-biologicos/sala-especializada-medicamentos-sintesis,listed,2026-09-01T21:04:26.464615+00:00,2026-09-01T21:04:26.464615+00:00,1,https://www.invima.gov.co/invima_website/static/attachments/medicamentos_sala_especializada_medicamentos_sintesis/Acta-No-04-de-2020-SEMNNIMB.pdf
2020-semnnimb-05-primera-parte,Acta No 05 de 2020 SEMNNIMB Primera Parte,Acta No. 05 de 2020 SEMNNIMB (Primera parte),https://www.invima.gov.co/biblioteca/download/122481,2020,05,SEMNNIMB,Primera Parte,2020-05-06,06/05/2020,official,https://www.invima.gov.co/productos-vigilados/medicamentos-y-productos-biologicos/sala-especializada-medicamentos-sintesis,listed,2026-09-01T21:04:26.464615+00:00,2026-09-01T21:04:26.464615+00:00,1,https://www.invima.gov.co/invima_website/static/attachments/medicamentos_sala_especializada_medicamentos_sintesis/Acta-No-05-de-2020-SEMNNIMB-Primera-parte.pdf
2020-semnnimb-05-segunda-parte,Acta No 05 de 2020 SEMNNIMB Segunda Parte,Acta No. 05 de 2020 SEMNNIMB (Segunda parte),https://www.invima.gov.co/biblioteca/acta-05-2020-sala-especializada-moleculas-nuevas,2020,05,SEMNNIMB,Segunda Parte,2020-06-26,26/06/2020,official,https://www.invima.gov.co/productos-vigilados/medicamentos-y-productos-biologicos/sala-especializada-medicamentos-sintesis,listed,2026-09-01T21:04:26.464615+00:00,2026-09-01T21:04:26.464615+00:00,1,https://www.invima.gov.co/invima_website/static/attachments/medicamentos_sala_especializada_medicamentos_sintesis/Acta-No-05-de-2020-Segunda-Parte-SEMNNIMB.pdf
2020-semnnimb-06-completa,Acta No 06 de 2020 SEMNNIMB,Acta No. 06 de 2020 SEMNNIMB,https://www.invima.gov.co/biblioteca/download/124419,2020,06,SEMNNIMB,,2020-06-18,18/06/2020,official,https://www.invima.gov.co/productos-vigilados/medicamentos-y-productos-biologicos/sala-especializada-medicamentos-sintesis,listed,2026-09-01T21:04:26.464615+00:00,2026-09-01T21:04:26.464615+00:00,1,https://www.invima.gov.co/invima_website/static/attachments/medicamentos_sala_especializada_medicamentos_sintesis/Acta-No-06-de-2020-SEMNNIMB.pdf
2020-semnnimb-07-completa,Acta No 07 de 2020 SEMNNIMB,Acta No. 07 de 2020 SEMNNIMB,https://www.invima.gov.co/biblioteca/download/123061,2020,07,SEMNNIMB,,2020-06-12,12/06/2020,official,https://www.invima.gov.co/productos-vigilados/medicamentos-y-productos-biologicos/sala-especializada-medicamentos-sintesis,listed,2026-09-01T21:04:26.464615+00:00,2026-09-01T21:04:26.464615+00:00,1,https://www.invima.gov.co/invima_website/static/attachments/medicamentos_sala_especializada_medicamentos_sintesis/Acta-No-07-de-2020-SEMNNIMB.pdf
2020-semnnimb-08-completa,Acta No 08 de 2020 SEMNNIMB,Acta No. 08 de 2020 SEMNNIMB,https://www.invima.gov.co/biblioteca/acta-08-2020-sala-especializada-moleculas-nuevas,2020,08,SEMNNIMB,,2020-06-24,24/06/2020,official,https://www.invima.gov.co/productos-vigilados/medicamentos-y-productos-biologicos/sala-especializada-medicamentos-sintesis,listed,2026-09-01T21:04:26.464615+00:00,2026-09-01T21:04:26.464615+00:00,1,https://www.invima.gov.co/invima_website/static/attachments/medicamentos_sala_especializada_medicamentos_sintesis/Acta_No_08_de_2020_SEMNNIMB.pdf
2020-semnnimb-09-completa,Acta No 09 de 2020 SEMNNIMB,Acta No. 09 de 2020 SEMNNIMB,https://www.invima.gov.co/biblioteca/download/90296,2020,09,SEMNNIMB,,2020-07-23,23/07/2020,official,https://www.invima.gov.co/productos-vigilados/medicamentos-y-productos-biologicos/sala-especializada-medicamentos-sintesis,listed,2026-09-01T21:04:26.464615+00:00,2026-09-01T21:04:26.464615+00:00,1,https://www.invima.gov.co/invima_website/static/attachments/medicamentos_sala_especializada_medicamentos_sintesis/Acta-No-09-de-2020-SEMNNIMB.pdf
2020-semnnimb-10-completa,Acta No 10 de 2020 SEMNNIMB,Acta No. 10 de 2020 SEMNNIMB,https://www.invima.gov.co/biblioteca/download/90274,2020,10,SEMNNIMB,,2020-07-23,23/07/2020,official,https://www.invima.gov.co/productos-vigilados/medicamentos-y-productos-biologicos/sala-especializada-medicamentos-sintesis,listed,2026-09-01T21:04:26.464615+00:00,2026-09-01T21:04:26.464615+00:00,1,https://www.invima.gov.co/invima_website/static/attachments/medicamentos_sala_especializada_medicamentos_sintesis/Acta-No-10-de-2020-SEMNNIMB.pdf
2020-semnnimb-11-completa,Acta No 11 de 2020 SEMNNIMB,Acta No. 11 de 2020 SEMNNIMB,https://www.invima.gov.co/biblioteca/acta-11-2020-sala-especializada-moleculas-nuevas,2020,11,SEMNNIMB,,2020-08-12,12/08/2020,official,https://www.invima.gov.co/productos-vigilados/medicamentos-y-productos-biologicos/sala-especializada-medicamentos-sintesis,listed,2026-09-01T21:04:26.464615+00:00,2026-09-01T21:04:26.464615+00:00,1,https://www.invima.gov.co/invima_website/static/attachments/medicamentos_sala_especializada_medicamentos_sintesis/Acta-No-11-de-2020-SEMNNIMB.pdf
2020-semnnimb-12-completa,Acta No 12 de 2020 SEMNNIMB,Acta No. 12 de 2020 SEMNNIMB,https://www.invima.gov.co/biblioteca/download/123714,2020,12,SEMNNIMB,,2020-07-29,29/07/2020,official,https://www.invima.gov.co/productos-vigilados/medicamentos-y-productos-biologicos/sala-especializada-medicamentos-sintesis,listed,2026-09-01T21:04:26.464615+00:00,2026-09-01T21:04:26.464615+00:00,1,https://www.invima.gov.co/invima_website/static/attachments/medicamentos_sala_especializada_medicamentos_sintesis/Acta-No-12-de-2020-SEMNNIMB.pdf
2020-semnnimb-13-completa,Acta No 13 de 2020 SEMNNIMB,Acta No. 13 de 2020 SEMNNIMB,https://www.invima.gov.co/biblioteca/download/123233,2020,13,SEMNNIMB,,2020-08-25,25/08/2020,official,https://www.invima.gov.co/productos-vigilados/medicamentos-y-productos-biologicos/sala-especializada-medicamentos-sintesis,listed,2026-09-01T21:04:26.464615+00:00,2026-09-01T21:04:26.464615+00:00,1,https://www.invima.gov.co/invima_website/static/attachments/medicamentos_sala_especializada_medicamentos_sintesis/Acta_20No._2013_20de_202020_20SEMNNIMB_20_1_.pdf
2020-semnnimb-14-completa,Acta No 14 de 2020 SEMNNIMB,Acta No. 14 de 2020 SEMNNIMB,https://www.invima.gov.co/biblioteca/download/124631,2020,14,SEMNNIMB,,2020-08-26,26/08/2020,official,https://www.invima.gov.co/productos-vigilados/medicamentos-y-productos-biologicos/sala-especializada-medicamentos-sintesis,listed,2026-09-01T21:04:26.464615+00:00,2026-09-01T21:04:26.464615+00:00,1,https://www.invima.gov.co/invima_website/static/attachments/medicamentos_sala_especializada_medicamentos_sintesis/Acta_20No._2014_20de_202020_20SEMNNIMB.pdf
2020-semnnimb-15-completa,Acta No 15 de 2020 SEMNNIMB,Acta No. 15 de 2020 SEMNNIMB,https://www.invima.gov.co/biblioteca/acta-15-2020-sala-especializada-moleculas-nuevas,2020,15,SEMNNIMB,,2020-09-25,25/09/2020,official,https://www.invima.gov.co/productos-vigilados/medicamentos-y-productos-biologicos/sala-especializada-medicamentos-sintesis,listed,2026-09-01T21:04:26.464615+00:00,2026-09-01T21:04:26.464615+00:00,1,https://www.invima.gov.co/invima_website/static/attachments/medicamentos_sala_especializada_medicamentos_sintesis/Acta_20No._2015_20de_202020_20SEMNNIMB.pdf
2020-semnnimb-16-completa,Acta No 16 de 2020 SEMNNIMB,Acta No. 16 de 2020 SEMNNIMB,https://www.invima.gov.co/biblioteca/acta-16-2020-sala-especializada-moleculas-nuevas,2020,16,SEMNNIMB,,2020-10-13,13/10/2020,official,https://www.invima.gov.co/productos-vigilados/medicamentos-y-productos-biologicos/sala-especializada-medicamentos-sintesis,listed,2026-09-01T21:04:26.464615+00:00,2026-09-01T21:04:26.464615+00:00,1,https://www.invima.gov.co/invima_website/static/attachments/medicamentos_sala_especializada_medicamentos_sintesis/Acta_20No._2016_20de_202020_20SEMNNIMB.pdf
2020-semnnimb-17-completa,Acta No 17 de 2020 SEMNNIMB,Acta No. 17 de 2020 SEMNNIMB,https://www.invima.gov.co/biblioteca/download/90290,2020,17,SEMNNIMB,,2020-10-13,13/10/2020,official,https://www.invima.gov.co/productos-vigilados/medicamentos-y-productos-biologicos/sala-especializada-medicamentos-sintesis,listed,2026-09-01T21:04:26.464615+00:00,2026-09-01T21:04:26.464615+00:00,1,https://www.invima.gov.co/invima_website/static/attachments/medicamentos_sala_especializada_medicamentos_sintesis/Acta_20No._2017_20de_202020_20SEMNNIMB.pdf
2020-semnnimb-18-completa,Acta No 18 de 2020 SEMNNIMB,Acta No. 18 de 2020 SEMNNIMB,https://www.invima.gov.co/biblioteca/download/90275,2020,18,SEMNNIMB,,2020-10-29,29/10/2020,official,https://www.invima.gov.co/productos-vigilados/medicamentos-y-productos-biologicos/sala-especializada-medicamentos-sintesis,listed,2026-09-01T21:04:26.464615+00:00,2026-09-01T21:04:26.464615+00:00,1,https://www.invima.gov.co/invima_website/static/attachments/medicamentos_sala_especializada_medicamentos_sintesis/Acta_20No._2018_20de_202020_20SEMNNIMB.pdf
2020-semnnimb-19-completa,Acta No 19 de 2020 SEMNNIMB,Acta No. 19 de 2020 SEMNNIMB,https://www.invima.gov.co/biblioteca/download/122446,2020,19,SEMNNIMB,,2020-11-09,09/11/2020,official,https://www.invima.gov.co/productos-vigilados/medicamentos-y-productos-biologicos/sala-especializada-medicamentos-sintesis,listed,2026-09-01T21:04:26.464615+00:00,2026-09-01T21:04:26.464615+00:00,1,https://www.invima.gov.co/invima_website/static/attachments/medicamentos_sala_especializada_medicamentos_sintesis/Acta_20No._2019_20de_202020_20SEMNNIMB.pdf
2020-semnnimb-20-completa,Acta No 20 de 2020 SEMNNIMB,Acta No. 20 de 2020 SEMNNIMB,https://www.invima.gov.co/biblioteca/acta_20no_2020_20de_202020_20semnnimbpdf-1,2020,20,SEMNNIMB,,2020-11-09,09/11/2020,official,https://www.invima.gov.co/productos-vigilados/medicamentos-y-productos-biologicos/sala-especializada-medicamentos-sintesis,listed,2026-09-01T21:04:26.464615+00:00,2026-09-01T21:04:26.464615+00:00,1,https://www.invima.gov.co/invima_website/static/attachments/medicamentos_sala_especializada_medicamentos_sintesis/Acta_20No._2020_20de_202020_20SEMNNIMB.pdf
2020-semnnimb-21-completa,Acta No 21 de 2020 SEMNNIMB,Acta No. 21 de 2020 SEMNNIMB,https://www.invima.gov.co/biblioteca/download/124612,2020,21,SEMNNIMB,,2020-12-11,11/12/2020,official,https://www.invima.gov.co/productos-vigilados/medicamentos-y-productos-biologicos/sala-especializada-medicamentos-sintesis,listed,2026-09-01T21:04:26.464615+00:00,2026-09-01T21:04:26.464615+00:00,1,https://www.invima.gov.co/invima_website/static/attachments/medicamentos_sala_especializada_medicamentos_sintesis/Acta_20No._2021_20de_202020_20SEMNNIMB_compressed.pdf
2020-semnnimb-22-completa,Acta No 22 de 2020 SEMNNIMB,Acta No. 22 de 2020 SEMNNIMB,https://www.invima.gov.co/biblioteca/download/124447,2020,22,SEMNNIMB,,2020-12-11,11/12/2020,official,https://www.invima.gov.co/productos-vigilados/medicamentos-y-productos-biologicos/sala-especializada-medicamentos-sintesis,listed,2026-09-01T21:04:26.464615+00:00,2026-09-01T21:04:26.464615+00:00,1,https://www.invima.gov.co/invima_website/static/attachments/medicamentos_sala_especializada_medicamentos_sintesis/Acta_20No._2022_20de_202020_20SEMNNIMB.pdf
2020-semnnimb-23-completa,Acta No 23 de 2020 SEMNNIMB,Acta No. 23 de 2020 SEMNNIMB,https://www.invima.gov.co/biblioteca/download/123248,2020,23,SEMNNIMB,,2020-12-16,16/12/2020,official,https://www.invima.gov.co/productos-vigilados/medicamentos-y-productos-biologicos/sala-especializada-medicamentos-sintesis,listed,2026-09-01T21:04:26.464615+00:00,2026-09-01T21:04:26.464615+00:00,1,https://www.invima.gov.co/invima_website/static/attachments/medicamentos_sala_especializada_medicamentos_sintesis/Acta_20No._2023_20de_202020_20SEMNNIMB.pdf
2020-semnnimb-24-completa,Acta No 24 de 2020 SEMNNIMB,Acta No. 24 de 2020 SEMNNIMB,https://www.invima.gov.co/biblioteca/download/123558,2020,24,SEMNNIMB,,2021-01-21,21/01/2021,official,https://www.invima.gov.co/productos-vigilados/medicamentos-y-productos-biologicos/sala-especializada-medicamentos-sintesis,listed,2026-09-01T21:04:26.464615+00:00,2026-09-01T21:04:26.464615+00:00,1,https://www.invima.gov.co/invima_website/static/attachments/medicamentos_sala_especializada_medicamentos_sintesis/Acta-No-24-de-2020-SEMNNIMB.pdf
2021-conjunta-01-completa,Acta No 01 de 2021 CONJUNTA,Acta Conjunta No. 1 de 2021,https://www.invima.gov.co/invima_website/static/attachments/medicamentos_sala_especializada_medicamentos_sintesis/ACTA_20EXTRAORDINARIA_20CONJUNTA_20No._201_18_20AGOSTO_202021.pdf,2021,01,CONJUNTA,,2021-09-14,14/09/2021,official,https://www.invima.gov.co/productos-vigilados/medicamentos-y-productos-biologicos/sala-especializada-medicamentos-sintesis,listed,2026-09-01T21:04:26.464615+00:00,2026-09-01T21:04:26.464615+00:00,1,
2021-conjunta-02-completa,Acta No 02 de 2021 CONJUNTA,Acta Conjunta No. 2 de 2021,https://www.invima.gov.co/invima_website/static/attachments/medicamentos_sala_especializada_medicamentos_sintesis/Acta_20Conjunta_20No._202_20de_202021.docx.pdf,2021,02,CONJUNTA,,2021-09-22,22/09/2021,official,https://www.invima.gov.co/productos-vigilados/medicamentos-y-productos-biologicos/sala-especializada-medicamentos-sintesis,listed,2026-09-01T21:04:26.464615+00:00,2026-09-01T21:04:26.464615+00:00,1,
2021-sem-01-completa,Acta No 01 de 2021 SEM,Acta No. 01 de 2021 SEM,https://www.invima.gov.co/invima_website/static/attachments/medicamentos_sala_especializada_medicamentos_sintesis/ACTA-01-SEM-2021v2.pdf,2021,01,SEM,,2021-01-29,29/01/2021,official,https://www.invima.gov.co/productos-vigilados/medicamentos-y-productos-biologicos/sala-especializada-medicamentos-sintesis,listed,2026-09-01T21:04:26.464615+00:00,2026-09-01T21:04:26.464615+00:00,1,
2021-sem-02-completa,Acta No 02 de 2021 SEM,Acta No. 02 de 2021 SEM,https://www.invima.gov.co/invima_website/static/attachments/medicamentos_sala_especializada_medicamentos_sintesis/ACTA_2002_20SEM_202021.pdf,2021,02,SEM,,2021-03-09,09/03/2021,official,https://www.invima.gov.co/productos-vigilados/medicamentos-y-productos-biologicos/sala-especializada-medicamentos-sintesis,listed,2026-09-01T21:04:26.464615+00:00,2026-09-01T21:04:26.464615+00:00,1,
2021-sem-03-completa,Acta No 03 de 2021 SEM,Acta No. 03 de 2021 SEM,https://www.invima.gov.co/invima_website/static/attachments/medicamentos_sala_especializada_medicamentos_sintesis/ACTA_2003_20SEM_202021.pdf,2021,03,SEM,,2021-03-15,15/03/2021,official,https://www.invima.gov.co/productos-vigilados/medicamentos-y-productos-biologicos/sala-especializada-medicamentos-sintesis,listed,2026-09-01T21:04:26.464615+00:00,2026-09-01T21:04:26.464615+00:00,1,
2021-sem-04-completa,Acta No 04 de 2021 SEM,Acta No. 04 de 2021 SEM,https://www.invima.gov.co/invima_website/static/attachments/medicamentos_sala_especializada_medicamentos_sintesis/ACTA_2004_20SEM_202021_20.pdf,2021,04,SEM,,2021-03-11,11/03/2021,official,https://www.invima.gov.co/productos-vigilados/medicamentos-y-productos-biologicos/sala-especializada-medicamentos-sintesis,listed,2026-09-01T21:04:26.464615+00:00,2026-09-01T21:04:26.464615+00:00,1,
2021-sem-05-completa,Acta No 05 de 2021 SEM,Acta No. 05 de 2021 SEM,https://www.invima.gov.co/invima_website/static/attachments/medicamentos_sala_especializada_medicamentos_sintesis/Acta_2005_20SEM_202021._20_1_.pdf,2021,05,SEM,,2021-04-22,22/04/2021,official,https://www.invima.gov.co/productos-vigilados/medicamentos-y-productos-biologicos/sala-especializada-medicamentos-sintesis,listed,2026-09-01T21:04:26.464615+00:00,2026-09-01T21:04:26.464615+00:00,1,
2021-sem-06-completa,Acta No 06 de 2021 SEM,Acta No. 06 de 2021 SEM,https://www.invima.gov.co/invima_website/static/attachments/medicamentos_sala_especializada_medicamentos_sintesis/Acta_20No._2006_20de_202021_20SEM.pdf,2021,06,SEM,,2021-05-05,05/05/2021,official,https://www.invima.gov.co/productos-vigilados/medicamentos-y-productos-biologicos/sala-especializada-medicamentos-sintesis,listed,2026-09-01T21:04:26.464615+00:00,2026-09-01T21:04:26.464615+00:00,1,
2021-sem-07-completa,Acta No 07 de 2021 SEM,Acta No. 07 de 2021 SEM,https://www.invima.gov.co/invima_website/static/attachments/medicamentos_sala_especializada_medicamentos_sintesis/Acta_20No._2007_20de_202021_20SEM.pdf,2021,07,SEM,,2021-05-07,07/05/2021,official,https://www.invima.gov.co/productos-vigilados/medicamentos-y-productos-biologicos/sala-especializada-medicamentos-sintesis,listed,2026-09-01T21:04:26.464615+00:00,2026-09-01T21:04:26.464615+00:00,1,
2021-sem-08-completa,Acta No 08 de 2021 SEM,Acta No. 08 de 2021 SEM,https://www.invima.gov.co/invima_website/static/attachments/medicamentos_sala_especializada_medicamentos_sintesis/Acta_20No._2008_20de_202021_20SEM.pdf,2021,08,SEM,,2021-05-07,07/05/2021,official,https://www.invima.gov.co/productos-vigilados/medicamentos-y-productos-biologicos/sala-especializada-medicamentos-sintesis,listed,2026-09-01T21:04:26.464615+00:00,2026-09-01T21:04:26.464615+00:00,1,
2021-sem-09-completa,Acta No 09 de 2021 SEM,Acta No. 09 de 2021 SEM,https://www.invima.gov.co/invima_website/static/attachments/medicamentos_sala_especializada_medicamentos_sintesis/Acta_20No._2009_20de_202021_20SEM.pdf,2021,09,SEM,,2021-05-24,24/05/2021,official,https://www.invima.gov.co/productos-vigilados/medicamentos-y-productos-biologicos/sala-especializada-medicamentos-sintesis,listed,2026-09-01T21:04:26.464615+00:00,2026-09-01T21:04:26.464615+00:00,1,
2021-sem-10-completa,Acta No 10 de 2021 SEM,Acta No. 10 de 2021 SEM,https://www.invima.gov.co/invima_website/static/attachments/medicamentos_sala_especializada_medicamentos_sintesis/Acta_20No._2010_20de_202021_20SEM.pdf,2021,10,SEM,,2021-06-09,09/06/2021,official,https://www.invima.gov.co/productos-vigilados/medicamentos-y-productos-biologicos/sala-especializada-medicamentos-sintesis,listed,2026-09-01T21:04:26.464615+00:00,2026-09-01T21:04:26.464615+00:00,1,
2021-sem-11-completa,Acta No 11 de 2021 SEM,Acta No. 11 de 2021 SEM,https://www.invima.gov.co/invima_website/static/attachments/medicamentos_sala_especializada_medicamentos_sintesis/Acta_20No._2011_20de_202021_20SEM.pdf,2021,11,SEM,,2021-06-23,23/06/2021,official,https://www.invima.gov.co/productos-vigilados/medicamentos-y-productos-biologicos/sala-especializada-medicamentos-sintesis,listed,2026-09-01T21:04:26.464615+00:00,2026-09-01T21:04:26.464615+00:00,1,
2021-sem-12-completa,Acta No 12 de 2021 SEM,Acta No. 12 de 2021 SEM,https://www.invima.gov.co/invima_website/static/attachments/medicamentos_sala_especializada_medicamentos_sintesis/Acta_20No._2012_20de_202021_20SEM.pdf,2021,12,SEM,,2021-07-02,02/07/2021,official,https://www.invima.gov.co/productos-vigilados/medicamentos-y-productos-biologicos/sala-especializada-medicamentos-sintesis,listed,2026-09-01T21:04:26.464615+00:00,2026-09-01T21:04:26.464615+00:00,1,
2021-sem-13-completa,Acta No 13 de 2021 SEM,Acta No. 13 de 2021 SEM,https://www.invima.gov.co/invima_website/static/attachments/medicamentos_sala_especializada_medicamentos_sintesis/Acta_20No._2013_20de_202021_20SEM.pdf,2021,13,SEM,,2021-08-05,05/08/2021,official,https://www.invima.gov.co/productos-vigilados/medicamentos-y-productos-biologicos/sala-especializada-medicamentos-sintesis,listed,2026-09-01T21:04:26.464615+00:00,2026-09-01T21:04:26.464615+00:00,1,
2021-sem-14-completa,Acta No 14 de 2021 SEM,Acta No. 14 de 2021 SEM,https://www.invima.gov.co/invima_website/static/attachments/medicamentos_sala_especializada_medicamentos_sintesis/Acta_20No._2014_20de_202021_20SEM.pdf,2021,14,SEM,,2021-08-05,05/08/2021,official,https://www.invima.gov.co/productos-vigilados/medicamentos-y-productos-biologicos/sala-especializada-medicamentos-sintesis,listed,2026-09-01T21:04:26.464615+00:00,2026-09-01T21:04:26.464615+00:00,1,
2021-sem-15-completa,Acta No 15 de 2021 SEM,Acta No. 15 de 2021 SEM,https://www.invima.gov.co/invima_website/static/attachments/medicamentos_sala_especializada_medicamentos_sintesis/Acta_20No._2015_20de_202021_20SEM_20.pdf,2021,15,SEM,,2021-08-25,25/08/2021,official,https://www.invima.gov.co/productos-vigilados/medicamentos-y-productos-biologicos/sala-especializada-medicamentos-sintesis,listed,2026-09-01T21:04:26.464615+00:00,2026-09-01T21:04:26.464615+00:00,1,
2021-sem-16-completa,Acta No 16 de 2021 SEM,Acta No. 16 de 2021 SEM,https://www.invima.gov.co/invima_website/static/attachments/medicamentos_sala_especializada_medicamentos_sintesis/Acta_20No._2016_20de_202021_20SEM.pdf,2021,16,SEM,,2021-09-22,22/09/2021,official,https://www.invima.gov.co/productos-vigilados/medicamentos-y-productos-biologicos/sala-especializada-medicamentos-sintesis,listed,2026-09-01T21:04:26.464615+00:00,2026-09-01T21:04:26.464615+00:00,1,
2021-sem-17-completa,Acta No 17 de 2021 SEM,Acta No. 17 de 2021 SEM,https://www.invima.gov.co/invima_website/static/attachments/medicamentos_sala_especializada_medicamentos_sintesis/Acta_20No._2017_20de_202021_20SEM.pdf,2021,17,SEM,,2021-09-22,22/09/2021,official,https://www.invima.gov.co/productos-vigilados/medicamentos-y-productos-biologicos/sala-especializada-medicamentos-sintesis,listed,2026-09-01T21:04:26.464615+00:00,2026-09-01T21:04:26.464615+00:00,1,
2021-sem-18-completa,Acta No 18 de 2021 SEM,Acta No. 18 de 2021 SEM,https://www.invima.gov.co/invima_website/static/attachments/medicamentos_sala_especializada_medicamentos_sintesis/Acta_20No._2018_20de_202021_20SEM.pdf,2021,18,SEM,,2021-09-22,22/09/2021,official,https://www.invima.gov.co/productos-vigilados/medicamentos-y-productos-biologicos/sala-especializada-medicamentos-sintesis,listed,2026-09-01T21:04:26.464615+00:00,2026-09-01T21:04:26.464615+00:00,1,
2021-sem-19-completa,Acta No 19 de 2021 SEM,Acta No. 19 de 2021 SEM,https://www.invima.gov.co/invima_website/static/attachments/medicamentos_sala_especializada_medicamentos_sintesis/Acta_20No._2019_20de_202021_20SEM.pdf,2021,19,SEM,,2021-11-10,10/11/2021,official,https://www.invima.gov.co/productos-vigilados/medicamentos-y-productos-biologicos/sala-especializada-medicamentos-sintesis,listed,2026-09-01T21:04:26.464615+00:00,2026-09-01T21:04:26.464615+00:00,1,
2021-sem-20-completa,Acta No 20 de 2021 SEM,Acta No. 20 de 2021 SEM,https://www.invima.gov.co/invima_website/static/attachments/medicamentos_sala_especializada_medicamentos_sintesis/Acta_20No._2020_20de_202021_20SEM.pdf,2021,20,SEM,,2021-11-10,10/11/2021,official,https://www.invima.gov.co/productos-vigilados/medicamentos-y-productos-biologicos/sala-especializada-medicamentos-sintesis,listed,2026-09-01T21:04:26.464615+00:00,2026-09-01T21:04:26.464615+00:00,1,
2021-sem-21-completa,Acta No 21 de 2021 SEM,Acta No. 21 de 2021 SEM,https://www.invima.gov.co/invima_website/static/attachments/medicamentos_sala_especializada_medicamentos_sintesis/Acta_20No._2021_20de_202021_20SEM.pdf,2021,21,SEM,,2022-01-14,14/01/2022,official,https://www.invima.gov.co/productos-vigilados/medicamentos-y-productos-biologicos/sala-especializada-medicamentos-sintesis,listed,2026-09-01T21:04:26.464615+00:00,2026-09-01T21:04:26.464615+00:00,1,
2021-sem-22-completa,Acta No 22 de 2021 SEM,Acta No. 22 de 2021 SEM,https://www.invima.gov.co/invima_website/static/attachments/medicamentos_sala_especializada_medicamentos_sintesis/Acta_20No._2022_20de_202021_20SEM.pdf,2021,22,SEM,,2022-01-14,14/01/2022,official,https://www.invima.gov.co/productos-vigilados/medicamentos-y-productos-biologicos/sala-especializada-medicamentos-sintesis,listed,2026-09-01T21:04:26.464615+00:00,2026-09-01T21:04:26.464615+00:00,1,
2021-sem-23-completa,Acta No 23 de 2021 SEM,Acta No. 23 de 2021 SEM,https://www.invima.gov.co/invima_website/static/attachments/medicamentos_sala_especializada_medicamentos_sintesis/Acta_20No._2023_20de_202021_20SEM.pdf,2021,23,SEM,,2022-01-14,14/01/2022,official,https://www.invima.gov.co/productos-vigilados/medicamentos-y-productos-biologicos/sala-especializada-medicamentos-sintesis,listed,2026-09-01T21:04:26.464615+00:00,2026-09-01T21:04:26.464615+00:00,1,
2021-semnnimb-01-primera-parte,Acta No 01 de 2021 SEMNNIMB Primera Parte,Acta No. 01 de 2021 SEMNNIMB (Primera parte),https://www.invima.gov.co/biblioteca/download/123543,2021,01,SEMNNIMB,Primera Parte,2021-01-05,05/01/2021,official,https://www.invima.gov.co/productos-vigilados/medicamentos-y-productos-biologicos/sala-especializada-medicamentos-sintesis,listed,2026-09-01T21:04:26.464615+00:00,2026-09-01T21:04:26.464615+00:00,1,https://www.invima.gov.co/invima_website/static/attachments/medicamentos_sala_especializada_medicamentos_sintesis/Acta_20No._2001_20de_202021_20SEMNNIMB_20_Primera_20parte_.pdf
2021-semnnimb-01-segunda-parte,Acta No 01 de 2021 SEMNNIMB Segunda Parte,Acta No. 01 de 2021 SEMNNIMB (Segunda parte),https://www.invima.gov.co/biblioteca/download/124276,2021,01,SEMNNIMB,Segunda Parte,2021-02-23,23/02/2021,official,https://www.invima.gov.co/productos-vigilados/medicamentos-y-productos-biologicos/sala-especializada-medicamentos-sintesis,listed,2026-09-01T21:04:26.464615+00:00,2026-09-01T21:04:26.464615+00:00,1,https://www.invima.gov.co/invima_website/static/attachments/medicamentos_sala_especializada_medicamentos_sintesis/Acta_20No._2001_20de_202021_20SEMNNIMB_20_Segunda_20parte_.pdf
2021-semnnimb-01-decimotercera-parte,Acta No 01 de 2021 SEMNNIMB Decimotercera Parte,Acta No. 01 de 2021 SEMNNIMB (Decimotercera parte),https://www.invima.gov.co/biblioteca/download/123254,2021,01,SEMNNIMB,Decimotercera Parte,2021-09-21,21/09/2021,official,https://www.invima.gov.co/productos-vigilados/medicamentos-y-productos-biologicos/sala-especializada-medicamentos-sintesis,listed,2026-09-01T21:04:26.464615+00:00,2026-09-01T21:04:26.464615+00:00,1,https://www.invima.gov.co/invima_website/static/attachments/medicamentos_sala_especializada_medicamentos_sintesis/Acta_20No._2001_20de_202021_20SEMNNIMB_20_Decimotercera_20parte_.pdf
2021-semnnimb-01-tercera-parte,Acta No 01 de 2021 SEMNNIMB Tercera Parte,Acta No. 01 de 2021 SEMNNIMB (Tercera parte),https://www.invima.gov.co/biblioteca/download/122624,2021,01,SEMNNIMB,Tercera Parte,2021-03-25,25/03/2021,official,https://www.invima.gov.co/productos-vigilados/medicamentos-y-productos-biologicos/sala-especializada-medicamentos-sintesis,listed,2026-09-01T21:04:26.464615+00:00,2026-09-01T21:04:26.464615+00:00,1,https://www.invima.gov.co/invima_website/static/attachments/medicamentos_sala_especializada_medicamentos_sintesis/Acta_20No._2001_20de_202021_20SEMNNIMB_20_Tercera_20parte_.pdf
2021-semnnimb-01-cuarta-parte,Acta No 01 de 2021 SEMNNIMB Cuarta Parte,Acta No. 01 de 2021 SEMNNIMB (Cuarta parte),https://www.invima.gov.co/biblioteca/download/124240,2021,01,SEMNNIMB,Cuarta Parte,2021-05-12,12/05/2021,official,https://www.invima.gov.co/productos-vigilados/medicamentos-y-productos-biologicos/sala-especializada-medicamentos-sintesis,listed,2026-09-01T21:04:26.464615+00:00,2026-09-01T21:04:26.464615+00:00,1,https://www.invima.gov.co/invima_website/static/attachments/medicamentos_sala_especializada_medicamentos_sintesis/Acta_20No._2001_20de_202021_20SEMNNIMB_20_Cuarta_20parte_.pdf
2021-semnnimb-01-decimocuarta-parte,Acta No 01 de 2021 SEMNNIMB Decimocuarta Parte,Acta No. 01 de 2021 SEMNNIMB (Decimocuarta parte),https://www.invima.gov.co/biblioteca/download/124101,2021,01,SEMNNIMB,Decimocuarta Parte,2021-10-22,22/10/2021,official,https://www.invima.gov.co/productos-vigilados/medicamentos-y-productos-biologicos/sala-especializada-medicamentos-sintesis,listed,2026-09-01T21:04:26.464615+00:00,2026-09-01T21:04:26.464615+00:00,1,https://www.invima.gov.co/invima_website/static/attachments/medicamentos_sala_especializada_medicamentos_sintesis/Acta_20No._2001_20de_202021_20SEMNNIMB_20_Decimocuarta_20parte_.pdf
2021-semnnimb-01-decimoquinta-parte,Acta No 01 de 2021 SEMNNIMB Decimoquinta Parte,Acta No. 01 de 2021 SEMNNIMB (Decimoquinta parte),https://www.invima.gov.co/biblioteca/download/122702,2021,01,SEMNNIMB,Decimoquinta Parte,2021-12-27,27/12/2021,official,https://www.invima.gov.co/productos-vigilados/medicamentos-y-productos-biologicos/sala-especializada-medicamentos-sintesis,listed,2026-09-01T21:04:26.464615+00:00,2026-09-01T21:04:26.464615+00:00,1,https://www.invima.gov.co/invima_website/static/attachments/medicamentos_sala_especializada_medicamentos_sintesis/Acta_20No._2001_20de_202021_20SEMNNIMB-Decimoquinta_20parte.pdf
2021-semnnimb-01-quinta-parte,Acta No 01 de 2021 SEMNNIMB Quinta Parte,Acta No. 01 de 2021 SEMNNIMB (Quinta parte),https://www.invima.gov.co/biblioteca/download/123589,2021,01,SEMNNIMB,Quinta Parte,2021-06-16,16/06/2021,official,https://www.invima.gov.co/productos-vigilados/medicamentos-y-productos-biologicos/sala-especializada-medicamentos-sintesis,listed,2026-09-01T21:04:26.464615+00:00,2026-09-01T21:04:26.464615+00:00,1,https://www.invima.gov.co/invima_website/static/attachments/medicamentos_sala_especializada_medicamentos_sintesis/Acta_20No._2001_20de_202021_20SEMNNIMB_20_Quinta_20parte_.pdf
2021-semnnimb-01-decimosexta-parte,Acta No 01 de 2021 SEMNNIMB Decimosexta Parte,Acta No. 01 de 2021 SEMNNIMB (Decimosexta parte),https://www.invima.gov.co/biblioteca/download/124533,2021,01,SEMNNIMB,Decimosexta Parte,2021-11-19,19/11/2021,official,https://www.invima.gov.co/productos-vigilados/medicamentos-y-productos-biologicos/sala-especializada-medicamentos-sintesis,listed,2026-09-01T21:04:26.464615+00:00,2026-09-01T21:04:26.464615+00:00,1,https://www.invima.gov.co/invima_website/static/attachments/medicamentos_sala_especializada_medicamentos_sintesis/Acta_20No._2001_20de_202021_20SEMNNIMB-Decimosexta_20parte.pdf
2021-semnnimb-01-sexta-parte,Acta No 01 de 2021 SEMNNIMB Sexta Parte,Acta No. 01 de 2021 SEMNNIMB (Sexta parte),https://www.invima.gov.co/biblioteca/download/122583,2021,01,SEMNNIMB,Sexta Parte,2021-06-24,24/06/2021,official,https://www.invima.gov.co/productos-vigilados/medicamentos-y-productos-biologicos/sala-especializada-medicamentos-sintesis,listed,2026-09-01T21:04:26.464615+00:00,2026-09-01T21:04:26.464615+00:00,1,https://www.invima.gov.co/invima_website/static/attachments/medicamentos_sala_especializada_medicamentos_sintesis/Acta_20No._2001_20de_202021_20SEMNNIMB_20_Sexta_20parte_.pdf
2021-semnnimb-01-decimoseptima-parte,Acta No 01 de 2021 SEMNNIMB Decimoséptima Parte,Acta No. 01 de 2021 SEMNNIMB (Decimoséptima parte),https://www.invima.gov.co/biblioteca/download/123209,2021,01,SEMNNIMB,Decimoséptima Parte,2021-11-30,30/11/2021,official,https://www.invima.gov.co/productos-vigilados/medicamentos-y-productos-biologicos/sala-especializada-medicamentos-sintesis,listed,2026-09-01T21:04:26.464615+00:00,2026-09-01T21:04:26.464615+00:00,1,https://www.invima.gov.co/invima_website/static/attachments/medicamentos_sala_especializada_medicamentos_sintesis/Acta_20No._2001_20de_202021_20SEMNNIMB_20_Decimose_CC_81ptima_20parte_.pdf
2021-semnnimb-01-septima-parte,Acta No 01 de 2021 SEMNNIMB Séptima Parte,Acta No. 01 de 2021 SEMNNIMB (Séptima parte) - Fecha de publicación 25/06/21,https://www.invima.gov.co/biblioteca/download/124610,2021,01,SEMNNIMB,Séptima Parte,,,official,https://www.invima.gov.co/productos-vigilados/medicamentos-y-productos-biologicos/sala-especializada-medicamentos-sintesis,listed,2026-09-01T21:04:26.464615+00:00,2026-09-01T21:04:26.464615+00:00,1,https://www.invima.gov.co/invima_website/static/attachments/medicamentos_sala_especializada_medicamentos_sintesis/Acta_20No._2001_20de_202021_20SEMNNIMB_20_Se_CC_81ptima_20parte_.pdf
2021-semnnimb-01-decimoctava-parte,Acta No 01 de 2021 SEMNNIMB Decimoctava Parte,Acta No. 01 de 2021 SEMNNIMB (Decimoctava parte),https://www.invima.gov.co/biblioteca/download/123057,2021,01,SEMNNIMB,Decimoctava Parte,2021-12-04,04/12/2021,official,https://www.invima.gov.co/productos-vigilados/medicamentos-y-productos-biologicos/sala-especializada-medicamentos-sintesis,listed,2026-09-01T21:04:26.464615+00:00,2026-09-01T21:04:26.464615+00:00,1,https://www.invima.gov.co/invima_website/static/attachments/medicamentos_sala_especializada_medicamentos_sintesis/Acta_20No._2001_20de_202021_20SEMNNIMB-Decimoctava_20parte.pdf
2021-semnnimb-01-octava-parte,Acta No 01 de 2021 SEMNNIMB Octava Parte,Acta No. 01 de 2021 SEMNNIMB (Octava parte) - Fecha de publicación 08/07/21,https://www.invima.gov.co/biblioteca/download/124154,2021,01,SEMNNIMB,Octava Parte,,,official,https://www.invima.gov.co/productos-vigilados/medicamentos-y-productos-biologicos/sala-especializada-medicamentos-sintesis,listed,2026-09-01T21:04:26.464615+00:00,2026-09-01T21:04:26.464615+00:00,1,https://www.invima.gov.co/invima_website/static/attachments/medicamentos_sala_especializada_medicamentos_sintesis/Acta_20No._2001_20de_202021_20SEMNNIMB_20_Octava_20parte_.pdf
2021-semnnimb-01-decimonovena-parte,Acta No 01 de 2021 SEMNNIMB Decimonovena Parte,Acta No. 01 de 2021 SEMNNIMB (Decimonovena parte) Fecha de publicación: 17/12/202,https://www.invima.gov.co/biblioteca/download/124172,2021,01,SEMNNIMB,Decimonovena Parte,,,official,https://www.invima.gov.co/productos-vigilados/medicamentos-y-productos-biologicos/sala-especializada-medicamentos-sintesis,listed,2026-09-01T21:04:26.464615+00:00,2026-09-01T21:04:26.464615+00:00,1,https://www.invima.gov.co/invima_website/static/attachments/medicamentos_sala_especializada_medicamentos_sintesis/Acta_20No._2001_20de_202021_20SEMNNIMB-Decimonovena_20parte.pdf
2021-semnnimb-01-novena-parte,Acta No 01 de 2021 SEMNNIMB Novena Parte,Acta No. 01 de 2021 SEMNNIMB (Novena parte),https://www.invima.gov.co/biblioteca/download/124327,2021,01,SEMNNIMB,Novena Parte,2021-07-30,30/07/2021,official,https://www.invima.gov.co/productos-vigilados/medicamentos-y-productos-biologicos/sala-especializada-medicamentos-sintesis,listed,2026-09-01T21:04:26.464615+00:00,2026-09-01T21:04:26.464615+00:00,1,https://www.invima.gov.co/invima_website/static/attachments/medicamentos_sala_especializada_medicamentos_sintesis/Acta_20No._2001_20de_202021_20SEMNNIMB_20_Novena_20parte_.pdf
2021-semnnimb-01-decima-parte,Acta No 01 de 2021 SEMNNIMB Décima Parte,Acta No. 01 de 2021 SEMNNIMB (Décima parte),https://www.invima.gov.co/biblioteca/download/123299,2021,01,SEMNNIMB,Décima Parte,2021-08-26,26/08/2021,official,https://www.invima.gov.co/productos-vigilados/medicamentos-y-productos-biologicos/sala-especializada-medicamentos-sintesis,listed,2026-09-01T21:04:26.464615+00:00,2026-09-01T21:04:26.464615+00:00,1,https://www.invima.gov.co/invima_website/static/attachments/medicamentos_sala_especializada_medicamentos_sintesis/Acta_20No._2001_20de_202021_20SEMNNIMB-Decima_20parte.pdf
2021-semnnimb-01-duodecima-parte,Acta No 01 de 2021 SEMNNIMB Duodécima Parte,Acta No. 01 de 2021 SEMNNIMB (Duodécima parte),https://www.invima.gov.co/biblioteca/download/123392,2021,01,SEMNNIMB,Duodécima Parte,2021-09-10,10/09/2021,official,https://www.invima.gov.co/productos-vigilados/medicamentos-y-productos-biologicos/sala-especializada-medicamentos-sintesis,listed,2026-09-01T21:04:26.464615+00:00,2026-09-01T21:04:26.464615+00:00,1,https://www.invima.gov.co/invima_website/static/attachments/medicamentos_sala_especializada_medicamentos_sintesis/Acta_20No._2001_20de_202021_20SEMNNIMB_20Duod_C3_A9cima_20parte.pdf
2021-semnnimb-01-undecima-parte,Acta No 01 de 2021 SEMNNIMB Undécima Parte,Acta No. 01 de 2021 SEMNNIMB (Undécima parte),https://www.invima.gov.co/biblioteca/download/124457,2021,01,SEMNNIMB,Undécima Parte,2021-08-26,26/08/2021,official,https://www.invima.gov.co/productos-vigilados/medicamentos-y-productos-biologicos/sala-especializada-medicamentos-sintesis,listed,2026-09-01T21:04:26.464615+00:00,2026-09-01T21:04:26.464615+00:00,1,https://www.invima.gov.co/invima_website/static/attachments/medicamentos_sala_especializada_medicamentos_sintesis/Acta_20No._2001_20de_202021_20SEMNNIMB-Und_C3_A9cima_20parte_20_2_.pdf
2021-semnnimb-02-completa,Acta No 02 de 2021 SEMNNIMB,Acta No. 02 de 2021 SEMNNIMB,https://www.invima.gov.co/biblioteca/download/105030,2021,02,SEMNNIMB,,2021-02-04,04/02/2021,official,https://www.invima.gov.co/productos-vigilados/medicamentos-y-productos-biologicos/sala-especializada-medicamentos-sintesis,listed,2026-09-01T21:04:26.464615+00:00,2026-09-01T21:04:26.464615+00:00,1,https://www.invima.gov.co/biblioteca/acta-no-02-de-2021-semnnimbpdf
2021-semnnimb-03-completa,Acta No 03 de 2021 SEMNNIMB,Acta No. 03 de 2021 SEMNNIMB,https://www.invima.gov.co/biblioteca/download/90232,2021,03,SEMNNIMB,,2021-03-10,10/03/2021,official,https://www.invima.gov.co/productos-vigilados/medicamentos-y-productos-biologicos/sala-especializada-medicamentos-sintesis,listed,2026-09-01T21:04:26.464615+00:00,2026-09-01T21:04:26.464615+00:00,1,https://www.invima.gov.co/invima_website/static/attachments/medicamentos_sala_especializada_medicamentos_sintesis/Acta_20No._2003_20de_202021_20SEMNNIMB.pdf
2021-semnnimb-04-completa,Acta No 04 de 2021 SEMNNIMB,Acta No. 04 de 2021 SEMNNIMB,https://www.invima.gov.co/biblioteca/download/122620,2021,04,SEMNNIMB,,2021-04-12,12/04/2021,official,https://www.invima.gov.co/productos-vigilados/medicamentos-y-productos-biologicos/sala-especializada-medicamentos-sintesis,listed,2026-09-01T21:04:26.464615+00:00,2026-09-01T21:04:26.464615+00:00,1,https://www.invima.gov.co/invima_website/static/attachments/medicamentos_sala_especializada_medicamentos_sintesis/Acta_20No._2004_20de_202021_20SEMNNIMB.pdf
2021-semnnimb-05-completa,Acta No 05 de 2021 SEMNNIMB,Acta No. 05 de 2021 SEMNNIMB,https://www.invima.gov.co/biblioteca/download/123217,2021,05,SEMNNIMB,,2021-04-12,12/04/2021,official,https://www.invima.gov.co/productos-vigilados/medicamentos-y-productos-biologicos/sala-especializada-medicamentos-sintesis,listed,2026-09-01T21:04:26.464615+00:00,2026-09-01T21:04:26.464615+00:00,1,https://www.invima.gov.co/invima_website/static/attachments/medicamentos_sala_especializada_medicamentos_sintesis/Acta_20No._2005_20de_202021_20SEMNNIMB.pdf
2021-semnnimb-06-completa,Acta No 06 de 2021 SEMNNIMB,Acta No. 06 de 2021 SEMNNIMB,https://www.invima.gov.co/biblioteca/download/124053,2021,06,SEMNNIMB,,2021-05-05,05/05/2021,official,https://www.invima.gov.co/productos-vigilados/medicamentos-y-productos-biologicos/sala-especializada-medicamentos-sintesis,listed,2026-09-01T21:04:26.464615+00:00,2026-09-01T21:04:26.464615+00:00,1,https://www.invima.gov.co/invima_website/static/attachments/medicamentos_sala_especializada_medicamentos_sintesis/Acta_20No._2006_20de_202021_20SEMNNIMB.pdf
2021-semnnimb-07-completa,Acta No 07 de 2021 SEMNNIMB,Acta No. 07 de 2021 SEMNNIMB,https://www.invima.gov.co/biblioteca/acta-07-2021-sala-especializada-moleculas-nuevas,2021,07,SEMNNIMB,,2021-05-24,24/05/2021,official,https://www.invima.gov.co/productos-vigilados/medicamentos-y-productos-biologicos/sala-especializada-medicamentos-sintesis,listed,2026-09-01T21:04:26.464615+00:00,2026-09-01T21:04:26.464615+00:00,1,https://www.invima.gov.co/invima_website/static/attachments/medicamentos_sala_especializada_medicamentos_sintesis/Acta_20No._2007_20de_202021_20SEMNNIMB.pdf
2021-semnnimb-08-completa,Acta No 08 de 2021 SEMNNIMB,Acta No. 08 de 2021 SEMNNIMB,https://www.invima.gov.co/biblioteca/download/90242,2021,08,SEMNNIMB,,2021-06-04,04/06/2021,official,https://www.invima.gov.co/productos-vigilados/medicamentos-y-productos-biologicos/sala-especializada-medicamentos-sintesis,listed,2026-09-01T21:04:26.464615+00:00,2026-09-01T21:04:26.464615+00:00,1,https://www.invima.gov.co/invima_website/static/attachments/medicamentos_sala_especializada_medicamentos_sintesis/Acta_20No._2008_20de_202021_20SEMNNIMB.pdf
2021-semnnimb-09-completa,Acta No 09 de 2021 SEMNNIMB,Acta No. 09 de 2021 SEMNNIMB,https://www.invima.gov.co/biblioteca/acta-09-2021-sala-especializada-moleculas-nuevas,2021,09,SEMNNIMB,,2021-07-01,01/07/2021,official,https://www.invima.gov.co/productos-vigilados/medicamentos-y-productos-biologicos/sala-especializada-medicamentos-sintesis,listed,2026-09-01T21:04:26.464615+00:00,2026-09-01T21:04:26.464615+00:00,1,https://www.invima.gov.co/invima_website/static/attachments/medicamentos_sala_especializada_medicamentos_sintesis/Acta_20No._2009_20de_202021_20SEMNNIMB.pdf
2021-semnnimb-10-completa,Acta No 10 de 2021 SEMNNIMB,Acta No. 10 de 2021 SEMNNIMB,https://www.invima.gov.co/biblioteca/download/124390,2021,10,SEMNNIMB,,2021-07-01,01/07/2021,official,https://www.invima.gov.co/productos-vigilados/medicamentos-y-productos-biologicos/sala-especializada-medicamentos-sintesis,listed,2026-09-01T21:04:26.464615+00:00,2026-09-01T21:04:26.464615+00:00,1,https://www.invima.gov.co/invima_website/static/attachments/medicamentos_sala_especializada_medicamentos_sintesis/Acta_20No._2010_20de_202021_20SEMNNIMB.pdf
2021-semnnimb-11-completa,Acta No 11 de 2021 SEMNNIMB,Acta No. 11 de 2021 SEMNNIMB,https://www.invima.gov.co/biblioteca/download/124561,2021,11,SEMNNIMB,,2021-07-01,01/07/2021,official,https://www.invima.gov.co/productos-vigilados/medicamentos-y-productos-biologicos/sala-especializada-medicamentos-sintesis,listed,2026-09-01T21:04:26.464615+00:00,2026-09-01T21:04:26.464615+00:00,1,https://www.invima.gov.co/invima_website/static/attachments/medicamentos_sala_especializada_medicamentos_sintesis/Acta_20No._2011_20de_202021_20SEMNNIMB.pdf
2021-semnnimb-12-completa,Acta No 12 de 2021 SEMNNIMB,Acta No. 12 de 2021 SEMNNIMB,https://www.invima.gov.co/biblioteca/download/122435,2021,12,SEMNNIMB,,2021-07-01,01/07/2021,official,https://www.invima.gov.co/productos-vigilados/medicamentos-y-productos-biologicos/sala-especializada-medicamentos-sintesis,listed,2026-09-01T21:04:26.464615+00:00,2026-09-01T21:04:26.464615+00:00,1,https://www.invima.gov.co/invima_website/static/attachments/medicamentos_sala_especializada_medicamentos_sintesis/Acta_20No._2012_20de_202021_20SEMNNIMB.pdf
2021-semnnimb-13-completa,Acta No 13 de 2021 SEMNNIMB,Acta No. 13 de 2021 SEMNNIMB,https://www.invima.gov.co/biblioteca/download/124519,2021,13,SEMNNIMB,,2021-07-14,14/07/2021,official,https://www.invima.gov.co/productos-vigilados/medicamentos-y-productos-biologicos/sala-especializada-medicamentos-sintesis,listed,2026-09-01T21:04:26.464615+00:00,2026-09-01T21:04:26.464615+00:00,1,https://www.invima.gov.co/invima_website/static/attachments/medicamentos_sala_especializada_medicamentos_sintesis/Acta_20No._2013_20de_202021_20SEMNNIMB.pdf
2021-semnnimb-14-completa,Acta No 14 de 2021 SEMNNIMB,Acta No. 14 de 2021 SEMNNIMB,https://www.invima.gov.co/biblioteca/acta_20no_2014_20de_202021_20semnnimbpdf,2021,14,SEMNNIMB,,2021-08-25,25/08/2021,official,https://www.invima.gov.co/productos-vigilados/medicamentos-y-productos-biologicos/sala-especializada-medicamentos-sintesis,listed,2026-09-01T21:04:26.464615+00:00,2026-09-01T21:04:26.464615+00:00,1,https://www.invima.gov.co/invima_website/static/attachments/medicamentos_sala_especializada_medicamentos_sintesis/Acta_20No._2014_20de_202021_20SEMNNIMB.pdf
2021-semnnimb-15-completa,Acta No 15 de 2021 SEMNNIMB,Acta No. 15 de 2021 SEMNNIMB,https://www.invima.gov.co/biblioteca/acta-15-2021-sala-especializada-moleculas-nuevas,2021,15,SEMNNIMB,,2021-09-22,22/09/2021,official,https://www.invima.gov.co/productos-vigilados/medicamentos-y-productos-biologicos/sala-especializada-medicamentos-sintesis,listed,2026-09-01T21:04:26.464615+00:00,2026-09-01T21:04:26.464615+00:00,1,https://www.invima.gov.co/invima_website/static/attachments/medicamentos_sala_especializada_medicamentos_sintesis/Acta_20No._2015_20de_202021_20SEMNNIMB_20_1_.pdf
2021-semnnimb-16-completa,Acta No 16 de 2021 SEMNNIMB,Acta No. 16 de 2021 SEMNNIMB,https://www.invima.gov.co/biblioteca/acta_20no_2016_20de_202021_20semnnimbdocx_1pdf,2021,16,SEMNNIMB,,2021-09-22,22/09/2021,official,https://www.invima.gov.co/productos-vigilados/medicamentos-y-productos-biologicos/sala-especializada-medicamentos-sintesis,listed,2026-09-01T21:04:26.464615+00:00,2026-09-01T21:04:26.464615+00:00,1,https://www.invima.gov.co/invima_website/static/attachments/medicamentos_sala_especializada_medicamentos_sintesis/Acta_20No._2016_20de_202021_20SEMNNIMB.docx.pdf
2021-semnnimb-17-completa,Acta No 17 de 2021 SEMNNIMB,Acta No. 17 de 2021 SEMNNIMB,https://www.invima.gov.co/biblioteca/acta_20no_2017_20de_202021_20semnnimbpdf,2021,17,SEMNNIMB,,2021-10-22,22/10/2021,official,https://www.invima.gov.co/productos-vigilados/medicamentos-y-productos-biologicos/sala-especializada-medicamentos-sintesis,listed,2026-09-01T21:04:26.464615+00:00,2026-09-01T21:04:26.464615+00:00,1,https://www.invima.gov.co/invima_website/static/attachments/medicamentos_sala_especializada_medicamentos_sintesis/Acta_20No._2017_20de_202021_20SEMNNIMB.pdf
2021-semnnimb-18-completa,Acta No 18 de 2021 SEMNNIMB,Acta No. 18 de 2021 SEMNNIMB,https://www.invima.gov.co/biblioteca/acta-18-2021-sala-especializada-moleculas-nuevas,2021,18,SEMNNIMB,,2021-10-22,22/10/2021,official,https://www.invima.gov.co/productos-vigilados/medicamentos-y-productos-biologicos/sala-especializada-medicamentos-sintesis,listed,2026-09-01T21:04:26.464615+00:00,2026-09-01T21:04:26.464615+00:00,1,https://www.invima.gov.co/invima_website/static/attachments/medicamentos_sala_especializada_medicamentos_sintesis/Acta_20No._2018_20de_202021_20SEMNNIMB.docx.pdf
2021-semnnimb-19-completa,Acta No 19 de 2021 SEMNNIMB,Acta No. 19 de 2021 SEMNNIMB,https://www.invima.gov.co/biblioteca/acta-19-2021-sala-especializada-moleculas-nuevas,2021,19,SEMNNIMB,,2022-01-14,14/01/2022,official,https://www.invima.gov.co/productos-vigilados/medicamentos-y-productos-biologicos/sala-especializada-medicamentos-sintesis,listed,2026-09-01T21:04:26.464615+00:00,2026-09-01T21:04:26.464615+00:00,1,https://www.invima.gov.co/invima_website/static/attachments/medicamentos_sala_especializada_medicamentos_sintesis/Acta_20No._2019_20de_202021_20SEMNNIMB.pdf
2021-semnnimb-20-completa,Acta No 20 de 2021 SEMNNIMB,Acta No. 20 de 2021 SEMNNIMB,https://www.invima.gov.co/biblioteca/acta_20no_2020_20de_202021_20semnnimbpdf,2021,20,SEMNNIMB,,2022-01-14,14/01/2022,official,https://www.invima.gov.co/productos-vigilados/medicamentos-y-productos-biologicos/sala-especializada-medicamentos-sintesis,listed,2026-09-01T21:04:26.464615+00:00,2026-09-01T21:04:26.464615+00:00,1,https://www.invima.gov.co/invima_website/static/attachments/medicamentos_sala_especializada_medicamentos_sintesis/Acta_20No._2020_20de_202021_20SEMNNIMB.pdf
2021-semnnimb-21-completa,Acta No 21 de 2021 SEMNNIMB,Acta No. 21 de 2021 SEMNNIMB,https://www.invima.gov.co/biblioteca/acta-21-2021-sala-especializada-moleculas-nuevas,2021,21,SEMNNIMB,,2022-01-14,14/01/2022,official,https://www.invima.gov.co/productos-vigilados/medicamentos-y-productos-biologicos/sala-especializada-medicamentos-sintesis,listed,2026-09-01T21:04:26.464615+00:00,2026-09-01T21:04:26.464615+00:00,1,https://www.invima.gov.co/invima_website/static/attachments/medicamentos_sala_especializada_medicamentos_sintesis/Acta_20No._2021_20de_202021_20SEMNNIMB.pdf
2022-conjunta-01-completa,Acta No 01 de 2022 CONJUNTA,Acta 1,https://www.invima.gov.co/invima_website/static/attachments/medicamentos_sala_especializada_medicamentos_sintesis/ACTA_20EXTRAORDINARIA_20CONJUNTA_20No._201_20del_2015_20DICIEMBRE_202022_SEDMRDIV_SEMNNIMB.pdf,2022,01,CONJUNTA,,,,official,https://www.invima.gov.co/productos-vigilados/medicamentos-y-productos-biologicos/sala-especializada-medicamentos-sintesis,listed,2026-09-01T21:04:26.464615+00:00,2026-09-01T21:04:26.464615+00:00,1,
2022-sem-01-completa,Acta No 01 de 2022 SEM,Acta No. 01 de 2022 SEM,https://www.invima.gov.co/invima_website/static/attachments/medicamentos_sala_especializada_medicamentos_sintesis/Acta_20No._2001_20de_202022_20SEM.pdf,2022,01,SEM,,2022-07-13,13/07/2022,official,https://www.invima.gov.co/productos-vigilados/medicamentos-y-productos-biologicos/sala-especializada-medicamentos-sintesis,listed,2026-09-01T21:04:26.464615+00:00,2026-09-01T21:04:26.464615+00:00,1,
2022-sem-02-completa,Acta No 02 de 2022 SEM,Acta No. 02 de 2022 SEM,https://www.invima.gov.co/invima_website/static/attachments/medicamentos_sala_especializada_medicamentos_sintesis/Acta_20No._2002_20de_202022_20SEM.pdf,2022,02,SEM,,2022-07-13,13/07/2022,official,https://www.invima.gov.co/productos-vigilados/medicamentos-y-productos-biologicos/sala-especializada-medicamentos-sintesis,listed,2026-09-01T21:04:26.464615+00:00,2026-09-01T21:04:26.464615+00:00,1,
2022-sem-03-completa,Acta No 03 de 2022 SEM,Acta No. 03 de 2022 SEM,https://www.invima.gov.co/invima_website/static/attachments/medicamentos_sala_especializada_medicamentos_sintesis/Acta_20No._2003_20de_202022_20SEM.pdf,2022,03,SEM,,2022-07-13,13/07/2022,official,https://www.invima.gov.co/productos-vigilados/medicamentos-y-productos-biologicos/sala-especializada-medicamentos-sintesis,listed,2026-09-01T21:04:26.464615+00:00,2026-09-01T21:04:26.464615+00:00,1,
2022-sem-04-completa,Acta No 04 de 2022 SEM,Acta No. 04 de 2022 SEM,https://www.invima.gov.co/invima_website/static/attachments/medicamentos_sala_especializada_medicamentos_sintesis/Acta_20No._2004_20de_202022_20SEM.pdf,2022,04,SEM,,2022-07-13,13/07/2022,official,https://www.invima.gov.co/productos-vigilados/medicamentos-y-productos-biologicos/sala-especializada-medicamentos-sintesis,listed,2026-09-01T21:04:26.464615+00:00,2026-09-01T21:04:26.464615+00:00,1,
2022-sem-05-completa,Acta No 05 de 2022 SEM,Acta No. 05 de 2022 SEM,https://www.invima.gov.co/invima_website/static/attachments/medicamentos_sala_especializada_medicamentos_sintesis/ACTA_20No._2005_20DE_202022_20SEM.pdf,2022,05,SEM,,2022-07-29,29/07/2022,official,https://www.invima.gov.co/productos-vigilados/medicamentos-y-productos-biologicos/sala-especializada-medicamentos-sintesis,listed,2026-09-01T21:04:26.464615+00:00,2026-09-01T21:04:26.464615+00:00,1,
2022-sem-06-completa,Acta No 06 de 2022 SEM,Acta No. 06 de 2022 SEM,https://www.invima.gov.co/invima_website/static/attachments/medicamentos_sala_especializada_medicamentos_sintesis/ACTA_20No._2006_20DE_202022_20SEM.pdf,2022,06,SEM,,2022-07-29,29/07/2022,official,https://www.invima.gov.co/productos-vigilados/medicamentos-y-productos-biologicos/sala-especializada-medicamentos-sintesis,listed,2026-09-01T21:04:26.464615+00:00,2026-09-01T21:04:26.464615+00:00,1,
2022-sem-07-completa,Acta No 07 de 2022 SEM,Acta No. 07 de 2022 SEM,https://www.invima.gov.co/invima_website/static/attachments/medicamentos_sala_especializada_medicamentos_sintesis/ACTA_20No._2007_20DE_202022_20SEM.pdf,2022,07,SEM,,2022-08-12,12/08/2022,official,https://www.invima.gov.co/productos-vigilados/medicamentos-y-productos-biologicos/sala-especializada-medicamentos-sintesis,listed,2026-09-01T21:04:26.464615+00:00,2026-09-01T21:04:26.464615+00:00,1,
2022-sem-08-completa,Acta No 08 de 2022 SEM,Acta No. 08 de 2022 SEM,https://www.invima.gov.co/invima_website/static/attachments/medicamentos_sala_especializada_medicamentos_sintesis/ACTA_20No._2008_20DE_202022_20SEM.pdf,2022,08,SEM,,2022-08-12,12/08/2022,official,https://www.invima.gov.co/productos-vigilados/medicamentos-y-productos-biologicos/sala-especializada-medicamentos-sintesis,listed,2026-09-01T21:04:26.464615+00:00,2026-09-01T21:04:26.464615+00:00,1,
2022-sem-09-completa,Acta No 09 de 2022 SEM,Acta No. 09 de 2022 SEM,https://www.invima.gov.co/invima_website/static/attachments/medicamentos_sala_especializada_medicamentos_sintesis/Acta_20No._2009_20de_202022_20SEM.pdf,2022,09,SEM,,2022-09-23,23/09/2022,official,https://www.invima.gov.co/productos-vigilados/medicamentos-y-productos-biologicos/sala-especializada-medicamentos-sintesis,listed,2026-09-01T21:04:26.464615+00:00,2026-09-01T21:04:26.464615+00:00,1,
2022-sem-10-completa,Acta No 10 de 2022 SEM,Acta No. 10 de 2022 SEM,https://www.invima.gov.co/invima_website/static/attachments/medicamentos_sala_especializada_medicamentos_sintesis/ACTA_20No._2010_20DE_202022_20SEM.pdf,2022,10,SEM,,2022-12-01,01/12/2022,official,https://www.invima.gov.co/productos-vigilados/medicamentos-y-productos-biologicos/sala-especializada-medicamentos-sintesis,listed,2026-09-01T21:04:26.464615+00:00,2026-09-01T21:04:26.464615+00:00,1,
2022-sem-11-completa,Acta No 11 de 2022 SEM,Acta No. 11 de 2022 SEM,https://www.invima.gov.co/invima_website/static/attachments/medicamentos_sala_especializada_medicamentos_sintesis/ACTA_20No._2011_20DE_202022_20SEM.pdf,2022,11,SEM,,2022-12-01,01/12/2022,official,https://www.invima.gov.co/productos-vigilados/medicamentos-y-productos-biologicos/sala-especializada-medicamentos-sintesis,listed,2026-09-01T21:04:26.464615+00:00,2026-09-01T21:04:26.464615+00:00,1,
2022-sem-12-completa,Acta No 12 de 2022 SEM,Acta No. 12 de 2022 SEM,https://www.invima.gov.co/invima_website/static/attachments/medicamentos_sala_especializada_medicamentos_sintesis/ACTA_20No._2012_20DE_202022_20SEM.pdf,2022,12,SEM,,2022-12-01,01/12/2022,official,https://www.invima.gov.co/productos-vigilados/medicamentos-y-productos-biologicos/sala-especializada-medicamentos-sintesis,listed,2026-09-01T21:04:26.464615+00:00,2026-09-01T21:04:26.464615+00:00,1,
2022-sem-13-completa,Acta No 13 de 2022 SEM,Acta No. 13 de 2022 SEM,https://www.invima.gov.co/invima_website/static/attachments/medicamentos_sala_especializada_medicamentos_sintesis/ACTA_20No._2013_20DE_202022_20SEM.pdf,2022,13,SEM,,2022-12-28,28/12/2022,official,https://www.invima.gov.co/productos-vigilados/medicamentos-y-productos-biologicos/sala-especializada-medicamentos-sintesis,listed,2026-09-01T21:04:26.464615+00:00,2026-09-01T21:04:26.464615+00:00,1,
2022-sem-14-completa,Acta No 14 de 2022 SEM,Acta No. 14 de 2022 SEM,https://www.invima.gov.co/invima_website/static/attachments/medicamentos_sala_especializada_medicamentos_sintesis/ACTA_20No._2014_20DE_202022_20SEM.pdf,2022,14,SEM,,2023-01-18,18/01/2023,official,https://www.invima.gov.co/productos-vigilados/medicamentos-y-productos-biologicos/sala-especializada-medicamentos-sintesis,listed,2026-09-01T21:04:26.464615+00:00,2026-09-01T21:04:26.464615+00:00,1,
2022-sem-15-completa,Acta No 15 de 2022 SEM,Acta No. 15 de 2022 SEM,https://www.invima.gov.co/invima_website/static/attachments/medicamentos_sala_especializada_medicamentos_sintesis/ACTA_20No._2015_20DE_202022_20SEM.pdf,2022,15,SEM,,2023-01-18,18/01/2023,official,https://www.invima.gov.co/productos-vigilados/medicamentos-y-productos-biologicos/sala-especializada-medicamentos-sintesis,listed,2026-09-01T21:04:26.464615+00:00,2026-09-01T21:04:26.464615+00:00,1,
2022-sem-16-completa,Acta No 16 de 2022 SEM,Acta No. 16 de 2022 SEM,https://www.invima.gov.co/invima_website/static/attachments/medicamentos_sala_especializada_medicamentos_sintesis/ACTA_20No._2016_20DE_202022_20SEM.pdf,2022,16,SEM,,2023-02-17,17/02/2023,official,https://www.invima.gov.co/productos-vigilados/medicamentos-y-productos-biologicos/sala-especializada-medicamentos-sintesis,listed,2026-09-01T21:04:26.464615+00:00,2026-09-01T21:04:26.464615+00:00,1,
2022-semnnimb-01-primera-parte,Acta No 01 de 2022 SEMNNIMB Primera Parte,Acta No. 01 de 2022 SEMNNIMB (Primera parte),https://www.invima.gov.co/biblioteca/download/90179,2022,01,SEMNNIMB,Primera Parte,2022-01-18,18/01/2022,official,https://www.invima.gov.co/productos-vigilados/medicamentos-y-productos-biologicos/sala-especializada-medicamentos-sintesis,listed,2026-09-01T21:04:26.464615+00:00,2026-09-01T21:04:26.464615+00:00,1,https://www.invima.gov.co/invima_website/static/attachments/medicamentos_sala_especializada_medicamentos_sintesis/Acta_20No._2001_20de_202022_20SEMNNIMB-Primera_20parte.pdf
2022-semnnimb-01-segunda-parte,Acta No 01 de 2022 SEMNNIMB Segunda Parte,Acta No. 01 de 2022 SEMNNIMB (Segunda parte),https://img.lalr.co/cms/2022/01/28104555/Acta-No.-01-de-2022-SEMNNIMB-Segunda-parte.pdf,2022,01,SEMNNIMB,Segunda Parte,2022-01-28,28/01/2022,historical_mirror,https://www.invima.gov.co/productos-vigilados/medicamentos-y-productos-biologicos/sala-especializada-medicamentos-sintesis,listed,2026-09-01T21:04:26.464615+00:00,2026-09-01T21:04:26.464615+00:00,1,https://www.invima.gov.co/invima_website/static/attachments/medicamentos_sala_especializada_medicamentos_sintesis/Acta_20No._2001_20de_202022_20SEMNNIMB-Segunda_20parte_20_1_.pdf
2022-semnnimb-01-tercera-parte,Acta No 01 de 2022 SEMNNIMB Tercera Parte,Acta No. 01 de 2022 SEMNNIMB (Tercera parte),https://www.invima.gov.co/biblioteca/download/122575,2022,01,SEMNNIMB,Tercera Parte,2022-07-13,13/07/2022,official,https://www.invima.gov.co/productos-vigilados/medicamentos-y-productos-biologicos/sala-especializada-medicamentos-sintesis,listed,2026-09-01T21:04:26.464615+00:00,2026-09-01T21:04:26.464615+00:00,1,https://www.invima.gov.co/invima_website/static/attachments/medicamentos_sala_especializada_medicamentos_sintesis/Acta_20No._2001_20de_202022_20SEMNNIMB-Tercera_20parte.pdf
2022-semnnimb-01-cuarta-parte,Acta No 01 de 2022 SEMNNIMB Cuarta Parte,Acta No. 01 de 2022 SEMNNIMB (Cuarta parte),https://www.invima.gov.co/biblioteca/download/90174,2022,01,SEMNNIMB,Cuarta Parte,2022-07-13,13/07/2022,official,https://www.invima.gov.co/productos-vigilados/medicamentos-y-productos-biologicos/sala-especializada-medicamentos-sintesis,listed,2026-09-01T21:04:26.464615+00:00,2026-09-01T21:04:26.464615+00:00,1,https://www.invima.gov.co/invima_website/static/attachments/medicamentos_sala_especializada_medicamentos_sintesis/Acta_20No._2001_20de_202022_20SEMNNIMB-Cuarta_20parte.pdf
2022-semnnimb-01-quinta-parte,Acta No 01 de 2022 SEMNNIMB Quinta Parte,Acta No. 01 de 2022 SEMNNIMB (Quinta parte),https://www.invima.gov.co/biblioteca/acta_20no_2001_20de_202022_20semnnimb_20quinta_20partepdf,2022,01,SEMNNIMB,Quinta Parte,2022-07-13,13/07/2022,official,https://www.invima.gov.co/productos-vigilados/medicamentos-y-productos-biologicos/sala-especializada-medicamentos-sintesis,listed,2026-09-01T21:04:26.464615+00:00,2026-09-01T21:04:26.464615+00:00,1,https://www.invima.gov.co/invima_website/static/attachments/medicamentos_sala_especializada_medicamentos_sintesis/Acta_20No._2001_20de_202022_20SEMNNIMB_20Quinta_20parte.pdf
2022-semnnimb-01-sexta-parte,Acta No 01 de 2022 SEMNNIMB Sexta Parte,Acta No. 01 de 2022 SEMNNIMB (Sexta parte),https://www.invima.gov.co/biblioteca/download/124449,2022,01,SEMNNIMB,Sexta Parte,2022-09-12,12/09/2022,official,https://www.invima.gov.co/productos-vigilados/medicamentos-y-productos-biologicos/sala-especializada-medicamentos-sintesis,listed,2026-09-01T21:04:26.464615+00:00,2026-09-01T21:04:26.464615+00:00,1,https://www.invima.gov.co/invima_website/static/attachments/medicamentos_sala_especializada_medicamentos_sintesis/Acta_20No._2001_20de_202022_20SEMNNIMB_20Sexta_20parte.pdf
2022-semnnimb-01-septima-parte,Acta No 01 de 2022 SEMNNIMB Séptima Parte,Acta No. 01 de 2022 SEMNNIMB (Séptima parte),https://www.invima.gov.co/invima_website/static/attachments/medicamentos_sala_especializada_medicamentos_sintesis/Acta_20No._2001_20de_202022_20SEMNNIMB_20S_C3_A9ptima_20parte.pdf,2022,01,SEMNNIMB,Séptima Parte,2022-11-22,22/11/2022,official,https://www.invima.gov.co/productos-vigilados/medicamentos-y-productos-biologicos/sala-especializada-medicamentos-sintesis,listed,2026-09-01T21:04:26.464615+00:00,2026-09-01T21:04:26.464615+00:00,1,
2022-semnnimb-01-septima-parte-a,Acta No 01 de 2022 SEMNNIMB Séptima Parte A,Acta No 01 de 2022 SEMNNIMB Séptima Parte A,https://www.invima.gov.co/biblioteca/download/124665,2022,01,SEMNNIMB,Séptima Parte A,,,official,https://www.invima.gov.co/productos-vigilados/medicamentos-y-productos-biologicos/sala-especializada-medicamentos-sintesis,unlisted,,,1,
2022-semnnimb-01-septima-parte-b,Acta No 01 de 2022 SEMNNIMB Séptima Parte B,Acta No 01 de 2022 SEMNNIMB Séptima Parte B,https://www.invima.gov.co/biblioteca/download/123150,2022,01,SEMNNIMB,Séptima Parte B,,,official,https://www.invima.gov.co/productos-vigilados/medicamentos-y-productos-biologicos/sala-especializada-medicamentos-sintesis,unlisted,,,1,
2022-semnnimb-01-septima-parte-v1,Acta No 01 de 2022 SEMNNIMB Séptima Parte V1,Acta No. 01 de 2022 SEMNNIMB (Séptima V1 parte),https://www.invima.gov.co/invima_website/static/attachments/medicamentos_sala_especializada_medicamentos_sintesis/Acta_20No._2001_20de_202022_20SEMNNIMB_20S_C3_A9ptima_20parte_20V1.pdf,2022,01,SEMNNIMB,Séptima Parte V1,2022-12-16,16/12/2022,official,https://www.invima.gov.co/productos-vigilados/medicamentos-y-productos-biologicos/sala-especializada-medicamentos-sintesis,listed,2026-09-01T21:04:26.464615+00:00,2026-09-01T21:04:26.464615+00:00,1,
2022-semnnimb-01-octava-parte,Acta No 01 de 2022 SEMNNIMB Octava Parte,Acta No. 01 de 2022 SEMNNIMB (Octava parte),https://www.invima.gov.co/biblioteca/acta_20no_2001_20de_202022_20semnnimb_20octava_20partepdf,2022,01,SEMNNIMB,Octava Parte,2022-11-22,22/11/2022,official,https://www.invima.gov.co/productos-vigilados/medicamentos-y-productos-biologicos/sala-especializada-medicamentos-sintesis,listed,2026-09-01T21:04:26.464615+00:00,2026-09-01T21:04:26.464615+00:00,1,https://www.invima.gov.co/invima_website/static/attachments/medicamentos_sala_especializada_medicamentos_sintesis/Acta_20No._2001_20de_202022_20SEMNNIMB_20Octava_20parte.pdf
2022-semnnimb-01-novena-parte,Acta No 01 de 2022 SEMNNIMB Novena Parte,Acta No. 01 de 2022 SEMNNIMB (Novena parte),https://www.invima.gov.co/biblioteca/download/123570,2022,01,SEMNNIMB,Novena Parte,2022-12-16,16/12/2022,official,https://www.invima.gov.co/productos-vigilados/medicamentos-y-productos-biologicos/sala-especializada-medicamentos-sintesis,listed,2026-09-01T21:04:26.464615+00:00,2026-09-01T21:04:26.464615+00:00,1,https://www.invima.gov.co/invima_website/static/attachments/medicamentos_sala_especializada_medicamentos_sintesis/Acta_20No._2001_20de_202022_20SEMNNIMB_20Novena_20parte.pdf
2022-semnnimb-02-completa,Acta No 02 de 2022 SEMNNIMB,Acta No. 02 de 2022 SEMNNIMB,https://www.invima.gov.co/biblioteca/acta-02-2022-sala-especializada-moleculas-nuevas,2022,02,SEMNNIMB,,2022-07-13,13/07/2022,official,https://www.invima.gov.co/productos-vigilados/medicamentos-y-productos-biologicos/sala-especializada-medicamentos-sintesis,listed,2026-09-01T21:04:26.464615+00:00,2026-09-01T21:04:26.464615+00:00,1,https://www.invima.gov.co/invima_website/static/attachments/medicamentos_sala_especializada_medicamentos_sintesis/Acta_20No._2002_20de_202022_20SEMNNIMB.pdf
2022-semnnimb-03-completa,Acta No 03 de 2022 SEMNNIMB,Acta No. 03 de 2022 SEMNNIMB,https://www.invima.gov.co/biblioteca/acta-03-2022-sala-especializada-moleculas-nuevas,2022,03,SEMNNIMB,,2022-07-13,13/07/2022,official,https://www.invima.gov.co/productos-vigilados/medicamentos-y-productos-biologicos/sala-especializada-medicamentos-sintesis,listed,2026-09-01T21:04:26.464615+00:00,2026-09-01T21:04:26.464615+00:00,1,https://www.invima.gov.co/invima_website/static/attachments/medicamentos_sala_especializada_medicamentos_sintesis/Acta_20No._2003_20de_202022_20SEMNNIMB.pdf
2022-semnnimb-04-completa,Acta No 04 de 2022 SEMNNIMB,Acta No. 04 de 2022 SEMNNIMB,https://www.invima.gov.co/biblioteca/acta-04-2022-sala-especializada-moleculas-nuevas,2022,04,SEMNNIMB,,2022-07-13,13/07/2022,official,https://www.invima.gov.co/productos-vigilados/medicamentos-y-productos-biologicos/sala-especializada-medicamentos-sintesis,listed,2026-09-01T21:04:26.464615+00:00,2026-09-01T21:04:26.464615+00:00,1,https://www.invima.gov.co/invima_website/static/attachments/medicamentos_sala_especializada_medicamentos_sintesis/ACTA_20No._2004_20DE_202022_20SEMNNIMB.pdf
2022-semnnimb-05-completa,Acta No 05 de 2022 SEMNNIMB,Acta No. 05 de 2022 SEMNNIMB,https://www.invima.gov.co/biblioteca/acta-05-2022-sala-especializada-moleculas-nuevas,2022,05,SEMNNIMB,,2022-07-13,13/07/2022,official,https://www.invima.gov.co/productos-vigilados/medicamentos-y-productos-biologicos/sala-especializada-medicamentos-sintesis,listed,2026-09-01T21:04:26.464615+00:00,2026-09-01T21:04:26.464615+00:00,1,https://www.invima.gov.co/invima_website/static/attachments/medicamentos_sala_especializada_medicamentos_sintesis/ACTA_20No._2005_20DE_202022_20SEMNNIMB.pdf
2022-semnnimb-06-completa,Acta No 06 de 2022 SEMNNIMB,Acta No. 06 de 2022 SEMNNIMB,https://www.invima.gov.co/biblioteca/acta-06-2022-sala-especializada-moleculas-nuevas,2022,06,SEMNNIMB,,2022-07-13,13/07/2022,official,https://www.invima.gov.co/productos-vigilados/medicamentos-y-productos-biologicos/sala-especializada-medicamentos-sintesis,listed,2026-09-01T21:04:26.464615+00:00,2026-09-01T21:04:26.464615+00:00,1,https://www.invima.gov.co/invima_website/static/attachments/medicamentos_sala_especializada_medicamentos_sintesis/ACTA_20No._2006_20DE_202022_20SEMNNIMB.pdf
2022-semnnimb-07-completa,Acta No 07 de 2022 SEMNNIMB,Acta No. 07 de 2022 SEMNNIMB,https://www.invima.gov.co/biblioteca/acta_20no_2007_20de_202022_20semnnimbpdf,2022,07,SEMNNIMB,,2022-07-13,13/07/2022,official,https://www.invima.gov.co/productos-vigilados/medicamentos-y-productos-biologicos/sala-especializada-medicamentos-sintesis,listed,2026-09-01T21:04:26.464615+00:00,2026-09-01T21:04:26.464615+00:00,1,https://www.invima.gov.co/invima_website/static/attachments/medicamentos_sala_especializada_medicamentos_sintesis/ACTA_20No._2007_20DE_202022_20SEMNNIMB.pdf
2022-semnnimb-08-completa,Acta No 08 de 2022 SEMNNIMB,Acta No. 08 de 2022 SEMNNIMB,https://www.invima.gov.co/biblioteca/acta-08-2022-sala-especializada-moleculas-nuevas,2022,08,SEMNNIMB,,2022-07-29,29/07/2022,official,https://www.invima.gov.co/productos-vigilados/medicamentos-y-productos-biologicos/sala-especializada-medicamentos-sintesis,listed,2026-09-01T21:04:26.464615+00:00,2026-09-01T21:04:26.464615+00:00,1,https://www.invima.gov.co/invima_website/static/attachments/medicamentos_sala_especializada_medicamentos_sintesis/ACTA_20No._2008_20DE_202022_20SEMNNIMB.pdf
2022-semnnimb-09-completa,Acta No 09 de 2022 SEMNNIMB,Acta No. 09 de 2022 SEMNNIMB,https://www.invima.gov.co/biblioteca/acta_20no_2009_20de_202022_20semnnimbpdf-1,2022,09,SEMNNIMB,,2022-11-30,30/11/2022,official,https://www.invima.gov.co/productos-vigilados/medicamentos-y-productos-biologicos/sala-especializada-medicamentos-sintesis,listed,2026-09-01T21:04:26.464615+00:00,2026-09-01T21:04:26.464615+00:00,1,https://www.invima.gov.co/invima_website/static/attachments/medicamentos_sala_especializada_medicamentos_sintesis/ACTA_20No._2009_20DE_202022_20SEMNNIMB.pdf
2022-semnnimb-10-completa,Acta No 10 de 2022 SEMNNIMB,Acta No. 10 de 2022 SEMNNIMB,https://www.invima.gov.co/biblioteca/acta-10-2022-sala-especializada-moleculas-nuevas,2022,10,SEMNNIMB,,2023-01-17,17/01/2023,official,https://www.invima.gov.co/productos-vigilados/medicamentos-y-productos-biologicos/sala-especializada-medicamentos-sintesis,listed,2026-09-01T21:04:26.464615+00:00,2026-09-01T21:04:26.464615+00:00,1,https://www.invima.gov.co/invima_website/static/attachments/medicamentos_sala_especializada_medicamentos_sintesis/ACTA_20No._2010_20DE_202022_20SEMNNIMB.pdf
2022-semnnimb-11-completa,Acta No 11 de 2022 SEMNNIMB,Acta No. 11 de 2022 SEMNNIMB,https://www.invima.gov.co/biblioteca/download/122422,2022,11,SEMNNIMB,,2022-12-30,30/12/2022,official,https://www.invima.gov.co/productos-vigilados/medicamentos-y-productos-biologicos/sala-especializada-medicamentos-sintesis,listed,2026-09-01T21:04:26.464615+00:00,2026-09-01T21:04:26.464615+00:00,1,https://www.invima.gov.co/invima_website/static/attachments/medicamentos_sala_especializada_medicamentos_sintesis/ACTA_20No._2011_20DE_202022_20SEMNNIMB.pdf
2022-semnnimb-12-completa,Acta No 12 de 2022 SEMNNIMB,Acta No. 12 de 2022 SEMNNIMB,https://www.invima.gov.co/biblioteca/acta-12-2022-sala-especializada-moleculas-nuevas,2022,12,SEMNNIMB,,2022-12-30,30/12/2022,official,https://www.invima.gov.co/productos-vigilados/medicamentos-y-productos-biologicos/sala-especializada-medicamentos-sintesis,listed,2026-09-01T21:04:26.464615+00:00,2026-09-01T21:04:26.464615+00:00,1,https://www.invima.gov.co/invima_website/static/attachments/medicamentos_sala_especializada_medicamentos_sintesis/ACTA_20No._2012_20DE_202022_20SEMNNIMB.pdf
2022-semnnimb-13-completa,Acta No 13 de 2022 SEMNNIMB,Acta No. 13 de 2022 SEMNNIMB,https://www.invima.gov.co/biblioteca/acta_20no_2013_20de_202022_20semnnimbpdf,2022,13,SEMNNIMB,,2023-01-17,17/01/2023,official,https://www.invima.gov.co/productos-vigilados/medicamentos-y-productos-biologicos/sala-especializada-medicamentos-sintesis,listed,2026-09-01T21:04:26.464615+00:00,2026-09-01T21:04:26.464615+00:00,1,https://www.invima.gov.co/invima_website/static/attachments/medicamentos_sala_especializada_medicamentos_sintesis/ACTA_20No._2013_20DE_202022_20SEMNNIMB.pdf
2022-semnnimb-14-completa,Acta No 14 de 2022 SEMNNIMB,Acta No. 14 de 2022 SEMNNIMB,https://www.invima.gov.co/biblioteca/acta-14-2022-sala-especializada-moleculas-nuevas,2022,14,SEMNNIMB,,2023-01-17,17/01/2023,official,https://www.invima.gov.co/productos-vigilados/medicamentos-y-productos-biologicos/sala-especializada-medicamentos-sintesis,listed,2026-09-01T21:04:26.464615+00:00,2026-09-01T21:04:26.464615+00:00,1,https://www.invima.gov.co/invima_website/static/attachments/medicamentos_sala_especializada_medicamentos_sintesis/ACTA_20No._2014_20DE_202022_20SEMNNIMB.pdf
2022-semnnimb-15-completa,Acta No 15 de 2022 SEMNNIMB,Acta No. 15 de 2022 SEMNNIMB,https://www.invima.gov.co/biblioteca/acta-15-2022-sala-especializada-moleculas-nuevas,2022,15,SEMNNIMB,,2023-01-17,17/01/2023,official,https://www.invima.gov.co/productos-vigilados/medicamentos-y-productos-biologicos/sala-especializada-medicamentos-sintesis,listed,2026-09-01T21:04:26.464615+00:00,2026-09-01T21:04:26.464615+00:00,1,https://www.invima.gov.co/invima_website/static/attachments/medicamentos_sala_especializada_medicamentos_sintesis/ACTA_20No._2015_20DE_202022_20SEMNNIMB.pdf
2023-conjunta-01-completa,Acta No 01 de 2023 CONJUNTA,Acta 1,https://www.invima.gov.co/invima_website/static/attachments/medicamentos_sala_especializada_medicamentos_sintesis/ACTA_201_20EXTRAORDINARIA_20CONJUNTA_20FEBRERO_208_20_1_.pdf,2023,01,CONJUNTA,,,,official,https://www.invima.gov.co/productos-vigilados/medicamentos-y-productos-biologicos/sala-especializada-medicamentos-sintesis,listed,2026-09-01T21:04:26.464615+00:00,2026-09-01T21:04:26.464615+00:00,1,
2023-conjunta-semnnimb-sem-01-completa,Acta No 01 de 2023 CONJUNTA SEMNNIMB-SEM,Acta No. 01 de 2023 Conjunta SEMNNIMB - SEM,https://www.invima.gov.co/invima_website/static/attachments/medicamentos_sala_especializada_medicamentos_sintesis/Acta_20No._2001_20de_202023_20Conjunta_20Desabastecidos_20SEMNNIMB-SEM.pdf,2023,01,CONJUNTA SEMNNIMB-SEM,,2023-04-03,03/04/2023,official,https://www.invima.gov.co/productos-vigilados/medicamentos-y-productos-biologicos/sala-especializada-medicamentos-sintesis,listed,2026-09-01T21:04:26.464615+00:00,2026-09-01T21:04:26.464615+00:00,2,https://www.invima.gov.co/invima_website/static/attachments/medicamentos_sala_especializada_medicamentos_sintesis/ACTA_20No._2001_20de_20_202023_20Conjunta_20Desabastecimiento_20SEM_20-_20SEMNNIMB.pdf
2023-sem-01-completa,Acta No 01 de 2023 SEM,Acta No. 01 de 2023 SEM,https://www.invima.gov.co/invima_website/static/attachments/medicamentos_sala_especializada_medicamentos_sintesis/ACTA_20No._2001_20DE_202023_20SEM.pdf,2023,01,SEM,,2023-03-15,15/03/2023,official,https://www.invima.gov.co/productos-vigilados/medicamentos-y-productos-biologicos/sala-especializada-medicamentos-sintesis,listed,2026-09-01T21:04:26.464615+00:00,2026-09-01T21:04:26.464615+00:00,1,
2023-sem-02-primera-parte,Acta No 02 de 2023 SEM Primera Parte,Acta No. 02 de 2023 Primera parte SEM,https://www.invima.gov.co/invima_website/static/attachments/medicamentos_sala_especializada_medicamentos_sintesis/ACTA_20No._2002_20DE_202023_20SEM_20Primera_20parte.pdf,2023,02,SEM,Primera Parte,2023-03-15,15/03/2023,official,https://www.invima.gov.co/productos-vigilados/medicamentos-y-productos-biologicos/sala-especializada-medicamentos-sintesis,listed,2026-09-01T21:04:26.464615+00:00,2026-09-01T21:04:26.464615+00:00,1,
2023-sem-02-segunda-parte,Acta No 02 de 2023 SEM Segunda Parte,Acta No. 02 de 2023 Segunda parte SEM,https://www.invima.gov.co/invima_website/static/attachments/medicamentos_sala_especializada_medicamentos_sintesis/ACTA_20No._2002_20DE_202023_20SEM_20Segunda_20parte.pdf,2023,02,SEM,Segunda Parte,2023-03-15,15/03/2023,official,https://www.invima.gov.co/productos-vigilados/medicamentos-y-productos-biologicos/sala-especializada-medicamentos-sintesis,listed,2026-09-01T21:04:26.464615+00:00,2026-09-01T21:04:26.464615+00:00,1,
2023-sem-02-tercera-parte,Acta No 02 de 2023 SEM Tercera Parte,Acta No. 02 de 2023 Tercera parte SEM,https://www.invima.gov.co/invima_website/static/attachments/medicamentos_sala_especializada_medicamentos_sintesis/ACTA_20No._2002_20DE_202023_20SEM_20Tercera_20parte.pdf,2023,02,SEM,Tercera Parte,2023-03-15,15/03/2023,official,https://www.invima.gov.co/productos-vigilados/medicamentos-y-productos-biologicos/sala-especializada-medicamentos-sintesis,listed,2026-09-01T21:04:26.464615+00:00,2026-09-01T21:04:26.464615+00:00,1,
2023-sem-02-cuarta-parte,Acta No 02 de 2023 SEM Cuarta Parte,Acta No. 02 de 2023 Cuarta parte SEM,https://www.invima.gov.co/invima_website/static/attachments/medicamentos_sala_especializada_medicamentos_sintesis/ACTA_20No._2002_20DE_202023_20SEM_20Cuarta_20parte.pdf,2023,02,SEM,Cuarta Parte,2023-03-15,15/03/2023,official,https://www.invima.gov.co/productos-vigilados/medicamentos-y-productos-biologicos/sala-especializada-medicamentos-sintesis,listed,2026-09-01T21:04:26.464615+00:00,2026-09-01T21:04:26.464615+00:00,1,
2023-sem-02-quinta-parte,Acta No 02 de 2023 SEM Quinta Parte,Acta No. 02 de 2023 SEM Quinta parte,https://www.invima.gov.co/invima_website/static/attachments/medicamentos_sala_especializada_medicamentos_sintesis/ACTA_20No._2002_20DE_202023_20SEM_20Quinta_20parte.pdf,2023,02,SEM,Quinta Parte,2023-06-29,29/06/2023,official,https://www.invima.gov.co/productos-vigilados/medicamentos-y-productos-biologicos/sala-especializada-medicamentos-sintesis,listed,2026-09-01T21:04:26.464615+00:00,2026-09-01T21:04:26.464615+00:00,1,
2023-sem-02-sexta-parte,Acta No 02 de 2023 SEM Sexta Parte,Acta No. 02 de 2023 SEM Sexta parte,https://www.invima.gov.co/invima_website/static/attachments/medicamentos_sala_especializada_medicamentos_sintesis/ACTA_20No._2002_20DE_202023_20SEM_20Sexta_20parte.pdf,2023,02,SEM,Sexta Parte,2023-10-02,02/10/2023,official,https://www.invima.gov.co/productos-vigilados/medicamentos-y-productos-biologicos/sala-especializada-medicamentos-sintesis,listed,2026-09-01T21:04:26.464615+00:00,2026-09-01T21:04:26.464615+00:00,1,
2023-sem-02-septima-parte,Acta No 02 de 2023 SEM Séptima Parte,Acta No. 02 de 2023 SEM Séptima parte,https://www.invima.gov.co/invima_website/static/attachments/medicamentos_sala_especializada_medicamentos_sintesis/ACTA_20No._2002_20DE_202023_20SEM_20S_C3_A9ptima_20parte.pdf,2023,02,SEM,Séptima Parte,2023-12-13,13/12/2023,official,https://www.invima.gov.co/productos-vigilados/medicamentos-y-productos-biologicos/sala-especializada-medicamentos-sintesis,listed,2026-09-01T21:04:26.464615+00:00,2026-09-01T21:04:26.464615+00:00,1,
2023-sem-02-octava-parte,Acta No 02 de 2023 SEM Octava Parte,Acta No. 02 de 2023 SEM Octava parte,https://www.invima.gov.co/invima_website/static/attachments/medicamentos_sala_especializada_medicamentos_sintesis/ACTA_20No._2002_20DE_202023_20SEM_20Octava_20parte.pdf,2023,02,SEM,Octava Parte,2023-12-12,12/12/2023,official,https://www.invima.gov.co/productos-vigilados/medicamentos-y-productos-biologicos/sala-especializada-medicamentos-sintesis,listed,2026-09-01T21:04:26.464615+00:00,2026-09-01T21:04:26.464615+00:00,1,
2023-sem-02-novena-parte,Acta No 02 de 2023 SEM Novena Parte,Acta No. 02 de 2023 SEM Novena parte,https://www.invima.gov.co/invima_website/static/attachments/medicamentos_sala_especializada_medicamentos_sintesis/ACTA_20No._2002_20DE_202023_20SEM_20Novena_20parte.pdf,2023,02,SEM,Novena Parte,2024-01-03,03/01/2024,official,https://www.invima.gov.co/productos-vigilados/medicamentos-y-productos-biologicos/sala-especializada-medicamentos-sintesis,listed,2026-09-01T21:04:26.464615+00:00,2026-09-01T21:04:26.464615+00:00,1,
2023-sem-02-decima-parte,Acta No 02 de 2023 SEM Décima Parte,Acta No. 02 de 2023 SEM Decima parte,https://www.invima.gov.co/invima_website/static/attachments/medicamentos_sala_especializada_medicamentos_sintesis/ACTA_20No._2002_20DE_202023_20SEM_20D_C3_A9cima_20parte.pdf,2023,02,SEM,Décima Parte,2024-01-03,03/01/2024,official,https://www.invima.gov.co/productos-vigilados/medicamentos-y-productos-biologicos/sala-especializada-medicamentos-sintesis,listed,2026-09-01T21:04:26.464615+00:00,2026-09-01T21:04:26.464615+00:00,1,
2023-sem-03-completa,Acta No 03 de 2023 SEM,Acta No. 03 de 2023 SEM,https://www.invima.gov.co/invima_website/static/attachments/medicamentos_sala_especializada_medicamentos_sintesis/ACTA_20No._2003_20DE_202023_20SEM.pdf,2023,03,SEM,,2023-03-15,15/03/2023,official,https://www.invima.gov.co/productos-vigilados/medicamentos-y-productos-biologicos/sala-especializada-medicamentos-sintesis,listed,2026-09-01T21:04:26.464615+00:00,2026-09-01T21:04:26.464615+00:00,1,
2023-sem-04-primera-parte,Acta No 04 de 2023 SEM Primera Parte,Acta No. 04 de 2023 Primera parte SEM,https://www.invima.gov.co/invima_website/static/attachments/medicamentos_sala_especializada_medicamentos_sintesis/ACTA_20No._2004_20DE_202023_20SEM_20Primera_20parte.pdf,2023,04,SEM,Primera Parte,2023-05-08,08/05/2023,official,https://www.invima.gov.co/productos-vigilados/medicamentos-y-productos-biologicos/sala-especializada-medicamentos-sintesis,listed,2026-09-01T21:04:26.464615+00:00,2026-09-01T21:04:26.464615+00:00,1,
2023-sem-04-segunda-parte,Acta No 04 de 2023 SEM Segunda Parte,Acta No. 04 de 2023 Segunda parte SEM,https://www.invima.gov.co/invima_website/static/attachments/medicamentos_sala_especializada_medicamentos_sintesis/ACTA_20No._2004_20DE_202023_20SEM_20Segunda_20parte.pdf,2023,04,SEM,Segunda Parte,2023-06-29,29/06/2023,official,https://www.invima.gov.co/productos-vigilados/medicamentos-y-productos-biologicos/sala-especializada-medicamentos-sintesis,listed,2026-09-01T21:04:26.464615+00:00,2026-09-01T21:04:26.464615+00:00,1,
2023-sem-04-tercera-parte,Acta No 04 de 2023 SEM Tercera Parte,Acta No. 04 de 2023 SEM Tercera parte,https://www.invima.gov.co/invima_website/static/attachments/medicamentos_sala_especializada_medicamentos_sintesis/ACTA_20No._2004_20DE_202023_20SEM_20Tercera_20parte.pdf,2023,04,SEM,Tercera Parte,2023-07-25,25/07/2023,official,https://www.invima.gov.co/productos-vigilados/medicamentos-y-productos-biologicos/sala-especializada-medicamentos-sintesis,listed,2026-09-01T21:04:26.464615+00:00,2026-09-01T21:04:26.464615+00:00,1,
2023-sem-04-cuarta-parte,Acta No 04 de 2023 SEM Cuarta Parte,Acta No. 04 de 2023 Cuarta parte SEM,https://www.invima.gov.co/invima_website/static/attachments/medicamentos_sala_especializada_medicamentos_sintesis/ACTA_20No._2004_20DE_202023_20SEM_20Cuarta_20parte.pdf,2023,04,SEM,Cuarta Parte,2023-08-29,29/08/2023,official,https://www.invima.gov.co/productos-vigilados/medicamentos-y-productos-biologicos/sala-especializada-medicamentos-sintesis,listed,2026-09-01T21:04:26.464615+00:00,2026-09-01T21:04:26.464615+00:00,1,
2023-sem-04-quinta-parte,Acta No 04 de 2023 SEM Quinta Parte,Acta No. 04 de 2023 SEM Quinta parte,https://www.invima.gov.co/invima_website/static/attachments/medicamentos_sala_especializada_medicamentos_sintesis/ACTA_20No._2004_20DE_202023_20SEM_20Quinta_20parte.pdf,2023,04,SEM,Quinta Parte,2023-09-28,28/09/2023,official,https://www.invima.gov.co/productos-vigilados/medicamentos-y-productos-biologicos/sala-especializada-medicamentos-sintesis,listed,2026-09-01T21:04:26.464615+00:00,2026-09-01T21:04:26.464615+00:00,1,
2023-sem-04-sexta-parte,Acta No 04 de 2023 SEM Sexta Parte,Acta No. 04 de 2023 SEM Sexta parte,https://www.invima.gov.co/invima_website/static/attachments/medicamentos_sala_especializada_medicamentos_sintesis/ACTA_20No._2004_20DE_202023_20SEM_20Sexta_20parte.pdf,2023,04,SEM,Sexta Parte,2023-10-26,26/10/2023,official,https://www.invima.gov.co/productos-vigilados/medicamentos-y-productos-biologicos/sala-especializada-medicamentos-sintesis,listed,2026-09-01T21:04:26.464615+00:00,2026-09-01T21:04:26.464615+00:00,1,
2023-sem-04-septima-parte,Acta No 04 de 2023 SEM Séptima Parte,Acta No. 04 de 2023 SEM Séptima parte,https://www.invima.gov.co/invima_website/static/attachments/medicamentos_sala_especializada_medicamentos_sintesis/ACTA_20No._2004_20DE_202023_20SEM_20S_C3_A9ptima_20parte.pdf,2023,04,SEM,Séptima Parte,2023-11-02,02/11/2023,official,https://www.invima.gov.co/productos-vigilados/medicamentos-y-productos-biologicos/sala-especializada-medicamentos-sintesis,listed,2026-09-01T21:04:26.464615+00:00,2026-09-01T21:04:26.464615+00:00,1,
2023-sem-04-octava-parte,Acta No 04 de 2023 SEM Octava Parte,Acta No. 04 de 2023 SEM Octava parte,https://www.invima.gov.co/invima_website/static/attachments/medicamentos_sala_especializada_medicamentos_sintesis/ACTA_20No._2004_20DE_202023_20SEM_20Octava_20parte.pdf,2023,04,SEM,Octava Parte,2024-02-05,05/02/2024,official,https://www.invima.gov.co/productos-vigilados/medicamentos-y-productos-biologicos/sala-especializada-medicamentos-sintesis,listed,2026-09-01T21:04:26.464615+00:00,2026-09-01T21:04:26.464615+00:00,1,
2023-sem-05-completa,Acta No 05 de 2023 SEM,Acta No. 05 de 2023 SEM,https://www.invima.gov.co/invima_website/static/attachments/medicamentos_sala_especializada_medicamentos_sintesis/ACTA_20No._2005_20DE_202023_20SEM.pdf,2023,05,SEM,,2023-06-05,05/06/2023,official,https://www.invima.gov.co/productos-vigilados/medicamentos-y-productos-biologicos/sala-especializada-medicamentos-sintesis,listed,2026-09-01T21:04:26.464615+00:00,2026-09-01T21:04:26.464615+00:00,1,
2023-sem-06-completa,Acta No 06 de 2023 SEM,Acta No. 06 de 2023 SEM,https://www.invima.gov.co/invima_website/static/attachments/medicamentos_sala_especializada_medicamentos_sintesis/ACTA_20No._2006_20DE_202023_20SEM.pdf,2023,06,SEM,,2023-06-05,05/06/2023,official,https://www.invima.gov.co/productos-vigilados/medicamentos-y-productos-biologicos/sala-especializada-medicamentos-sintesis,listed,2026-09-01T21:04:26.464615+00:00,2026-09-01T21:04:26.464615+00:00,1,
2023-sem-07-completa,Acta No 07 de 2023 SEM,Acta No. 07 de 2023 SEM,https://www.invima.gov.co/invima_website/static/attachments/medicamentos_sala_especializada_medicamentos_sintesis/ACTA_20No._2007_20DE_202023_20SEM.pdf,2023,07,SEM,,2023-06-05,05/06/2023,official,https://www.invima.gov.co/productos-vigilados/medicamentos-y-productos-biologicos/sala-especializada-medicamentos-sintesis,listed,2026-09-01T21:04:26.464615+00:00,2026-09-01T21:04:26.464615+00:00,1,
2023-sem-08-completa,Acta No 08 de 2023 SEM,Acta No. 08 de 2023 SEM,https://www.invima.gov.co/invima_website/static/attachments/medicamentos_sala_especializada_medicamentos_sintesis/ACTA_20No._2008_20DE_202023_20SEM.pdf,2023,08,SEM,,2023-06-29,29/06/2023,official,https://www.invima.gov.co/productos-vigilados/medicamentos-y-productos-biologicos/sala-especializada-medicamentos-sintesis,listed,2026-09-01T21:04:26.464615+00:00,2026-09-01T21:04:26.464615+00:00,1,
2023-sem-09-completa,Acta No 09 de 2023 SEM,Acta No. 09 de 2023 SEM,https://www.invima.gov.co/invima_website/static/attachments/medicamentos_sala_especializada_medicamentos_sintesis/ACTA_20No._2009_20DE_202023_20SEM.pdf,2023,09,SEM,,2023-06-29,29/06/2023,official,https://www.invima.gov.co/productos-vigilados/medicamentos-y-productos-biologicos/sala-especializada-medicamentos-sintesis,listed,2026-09-01T21:04:26.464615+00:00,2026-09-01T21:04:26.464615+00:00,1,
2023-sem-10-completa,Acta No 10 de 2023 SEM,Acta No. 10 de 2023 SEM,https://www.invima.gov.co/invima_website/static/attachments/medicamentos_sala_especializada_medicamentos_sintesis/ACTA_20No._2010_20DE_202023_20SEM.pdf,2023,10,SEM,,2023-06-29,29/06/2023,official,https://www.invima.gov.co/productos-vigilados/medicamentos-y-productos-biologicos/sala-especializada-medicamentos-sintesis,listed,2026-09-01T21:04:26.464615+00:00,2026-09-01T21:04:26.464615+00:00,1,
2023-sem-11-completa,Acta No 11 de 2023 SEM,Acta No. 11 de 2023 SEM,https://www.invima.gov.co/invima_website/static/attachments/medicamentos_sala_especializada_medicamentos_sintesis/ACTA_20No._2011_20DE_202023_20SEM.pdf,2023,11,SEM,,2023-08-29,29/08/2023,official,https://www.invima.gov.co/productos-vigilados/medicamentos-y-productos-biologicos/sala-especializada-medicamentos-sintesis,listed,2026-09-01T21:04:26.464615+00:00,2026-09-01T21:04:26.464615+00:00,1,
2023-sem-12-completa,Acta No 12 de 2023 SEM,Acta No. 12 de 2023 SEM,https://www.invima.gov.co/invima_website/static/attachments/medicamentos_sala_especializada_medicamentos_sintesis/ACTA_20No._2012_20DE_202023_20SEM.pdf,2023,12,SEM,,2023-08-29,29/08/2023,official,https://www.invima.gov.co/productos-vigilados/medicamentos-y-productos-biologicos/sala-especializada-medicamentos-sintesis,listed,2026-09-01T21:04:26.464615+00:00,2026-09-01T21:04:26.464615+00:00,1,
2023-sem-13-completa,Acta No 13 de 2023 SEM,Acta No. 13 de 2023 SEM,https://www.invima.gov.co/invima_website/static/attachments/medicamentos_sala_especializada_medicamentos_sintesis/ACTA_20No._2013_20DE_202023_20SEMco.pdf,2023,13,SEM,,2023-09-25,25/09/2023,official,https://www.invima.gov.co/productos-vigilados/medicamentos-y-productos-biologicos/sala-especializada-medicamentos-sintesis,listed,2026-09-01T21:04:26.464615+00:00,2026-09-01T21:04:26.464615+00:00,1,
2023-sem-14-completa,Acta No 14 de 2023 SEM,Acta No. 14 de 2023 SEM,https://www.invima.gov.co/invima_website/static/attachments/medicamentos_sala_especializada_medicamentos_sintesis/ACTA_20No._2014_20DE_202023_20SEM.pdf,2023,14,SEM,,2023-10-26,26/10/2023,official,https://www.invima.gov.co/productos-vigilados/medicamentos-y-productos-biologicos/sala-especializada-medicamentos-sintesis,listed,2026-09-01T21:04:26.464615+00:00,2026-09-01T21:04:26.464615+00:00,1,
2023-sem-15-completa,Acta No 15 de 2023 SEM,Acta No. 15 de 2023 SEM,https://www.invima.gov.co/invima_website/static/attachments/medicamentos_sala_especializada_medicamentos_sintesis/ACTA_20No._2015_20DE_202023_20SEM.pdf,2023,15,SEM,,2023-11-02,02/11/2023,official,https://www.invima.gov.co/productos-vigilados/medicamentos-y-productos-biologicos/sala-especializada-medicamentos-sintesis,listed,2026-09-01T21:04:26.464615+00:00,2026-09-01T21:04:26.464615+00:00,1,
2023-sem-16-completa,Acta No 16 de 2023 SEM,Acta No. 16 de 2023 SEM,https://www.invima.gov.co/invima_website/static/attachments/medicamentos_sala_especializada_medicamentos_sintesis/ACTA_20No._2016_20DE_202023_20SEM.pdf,2023,16,SEM,,2023-12-13,13/12/2023,official,https://www.invima.gov.co/productos-vigilados/medicamentos-y-productos-biologicos/sala-especializada-medicamentos-sintesis,listed,2026-09-01T21:04:26.464615+00:00,2026-09-01T21:04:26.464615+00:00,1,
2023-sem-17-completa,Acta No 17 de 2023 SEM,Acta No. 17 de 2023 SEM,https://www.invima.gov.co/invima_website/static/attachments/medicamentos_sala_especializada_medicamentos_sintesis/ACTA_20No._2017_20DE_202023_20SEM.pdf,2023,17,SEM,,2023-12-13,13/12/2023,official,https://www.invima.gov.co/productos-vigilados/medicamentos-y-productos-biologicos/sala-especializada-medicamentos-sintesis,listed,2026-09-01T21:04:26.464615+00:00,2026-09-01T21:04:26.464615+00:00,1,
2023-sem-18-completa,Acta No 18 de 2023 SEM,Acta No. 18 de 2023 SEM,https://www.invima.gov.co/invima_website/static/attachments/medicamentos_sala_especializada_medicamentos_sintesis/ACTA_20No._2018_20DE_202023_20SEM.pdf,2023,18,SEM,,2023-12-13,13/12/2023,official,https://www.invima.gov.co/productos-vigilados/medicamentos-y-productos-biologicos/sala-especializada-medicamentos-sintesis,listed,2026-09-01T21:04:26.464615+00:00,2026-09-01T21:04:26.464615+00:00,1,
2023-sem-19-completa,Acta No 19 de 2023 SEM,Acta No. 19 de 2023 SEM,https://www.invima.gov.co/invima_website/static/attachments/medicamentos_sala_especializada_medicamentos_sintesis/ACTA_20No._2019_20DE_202023_20SEM.pdf,2023,19,SEM,,2023-12-13,13/12/2023,official,https://www.invima.gov.co/productos-vigilados/medicamentos-y-productos-biologicos/sala-especializada-medicamentos-sintesis,listed,2026-09-01T21:04:26.464615+00:00,2026-09-01T21:04:26.464615+00:00,1,
2023-sem-20-completa,Acta No 20 de 2023 SEM,Acta No. 20 de 2023 SEM,https://www.invima.gov.co/invima_website/static/attachments/medicamentos_sala_especializada_medicamentos_sintesis/ACTA_20No._2020_20DE_202023_20SEM.pdf,2023,20,SEM,,2023-01-05,05/01/2023,official,https://www.invima.gov.co/productos-vigilados/medicamentos-y-productos-biologicos/sala-especializada-medicamentos-sintesis,listed,2026-09-01T21:04:26.464615+00:00,2026-09-01T21:04:26.464615+00:00,1,
2023-sem-21-completa,Acta No 21 de 2023 SEM,Acta No. 21 de 2023 SEM,https://www.invima.gov.co/invima_website/static/attachments/medicamentos_sala_especializada_medicamentos_sintesis/ACTA_20No._2021_20DE_202023_20SEM.pdf,2023,21,SEM,,2023-01-05,05/01/2023,official,https://www.invima.gov.co/productos-vigilados/medicamentos-y-productos-biologicos/sala-especializada-medicamentos-sintesis,listed,2026-09-01T21:04:26.464615+00:00,2026-09-01T21:04:26.464615+00:00,1,
2023-semnnimb-01-completa,Acta No 01 de 2023 SEMNNIMB,Acta No. 01 de 2023 SEMNNIMB,https://www.invima.gov.co/biblioteca/acta-01-2023-sala-especializada-moleculas-nuevas,2023,01,SEMNNIMB,,2023-03-02,02/03/2023,official,https://www.invima.gov.co/productos-vigilados/medicamentos-y-productos-biologicos/sala-especializada-medicamentos-sintesis,listed,2026-09-01T21:04:26.464615+00:00,2026-09-01T21:04:26.464615+00:00,1,https://www.invima.gov.co/invima_website/static/attachments/medicamentos_sala_especializada_medicamentos_sintesis/ACTA_20No._2001_20DE_202023_20SEMNNIMB.pdf
2023-semnnimb-02-primera-parte,Acta No 02 de 2023 SEMNNIMB Primera Parte,Acta No. 02 de 2023 SEMNNIMB - Primera parte,https://www.invima.gov.co/biblioteca/download/123447,2023,02,SEMNNIMB,Primera Parte,2023-03-02,02/03/2023,official,https://www.invima.gov.co/productos-vigilados/medicamentos-y-productos-biologicos/sala-especializada-medicamentos-sintesis,listed,2026-09-01T21:04:26.464615+00:00,2026-09-01T21:04:26.464615+00:00,1,https://www.invima.gov.co/invima_website/static/attachments/medicamentos_sala_especializada_medicamentos_sintesis/Acta_20No._2002_20de_202023_20SEMNNIMB_20Primera_20parte.pdf
2023-semnnimb-03-primera-parte,Acta No 03 de 2023 SEMNNIMB Primera Parte,Acta No. 03 de 2023 SEMNNIMB Primera parte,https://www.invima.gov.co/biblioteca/download/123058,2023,03,SEMNNIMB,Primera Parte,2023-05-08,08/05/2023,official,https://www.invima.gov.co/productos-vigilados/medicamentos-y-productos-biologicos/sala-especializada-medicamentos-sintesis,listed,2026-09-01T21:04:26.464615+00:00,2026-09-01T21:04:26.464615+00:00,1,https://www.invima.gov.co/invima_website/static/attachments/medicamentos_sala_especializada_medicamentos_sintesis/Acta_20No._2003_20de_202023_20SEMNNIMB_20Primera_20Parte.pdf
2023-semnnimb-03-segunda-parte,Acta No 03 de 2023 SEMNNIMB Segunda Parte,Acta No. 03 de 2023 SEMNNIMB Segunda parte,https://www.invima.gov.co/biblioteca/acta-03-2023-semnnimb-segunda-parte,2023,03,SEMNNIMB,Segunda Parte,2023-05-08,08/05/2023,official,https://www.invima.gov.co/productos-vigilados/medicamentos-y-productos-biologicos/sala-especializada-medicamentos-sintesis,listed,2026-09-01T21:04:26.464615+00:00,2026-09-01T21:04:26.464615+00:00,1,https://www.invima.gov.co/invima_website/static/attachments/medicamentos_sala_especializada_medicamentos_sintesis/ACTA_20No._2003_20DE_202023_20SEMNNIMB_20Segunda_20parte.pdf
2023-semnnimb-04-completa,Acta No 04 de 2023 SEMNNIMB,Acta No. 04 de 2023 SEMNNIMB,https://www.invima.gov.co/biblioteca/download/90263,2023,04,SEMNNIMB,,2023-05-08,08/05/2023,official,https://www.invima.gov.co/productos-vigilados/medicamentos-y-productos-biologicos/sala-especializada-medicamentos-sintesis,listed,2026-09-01T21:04:26.464615+00:00,2026-09-01T21:04:26.464615+00:00,1,https://www.invima.gov.co/invima_website/static/attachments/medicamentos_sala_especializada_medicamentos_sintesis/Acta_20No._2004_20de_202023_20SEMNNIMB.pdf
2023-semnnimb-05-completa,Acta No 05 de 2023 SEMNNIMB,Acta No. 05 de 2023 SEMNNIMB,https://www.invima.gov.co/biblioteca/acta-05-2023-sala-especializada-moleculas-nuevas-90258,2023,05,SEMNNIMB,,2023-06-20,20/06/2023,official,https://www.invima.gov.co/productos-vigilados/medicamentos-y-productos-biologicos/sala-especializada-medicamentos-sintesis,listed,2026-09-01T21:04:26.464615+00:00,2026-09-01T21:04:26.464615+00:00,1,https://www.invima.gov.co/invima_website/static/attachments/medicamentos_sala_especializada_medicamentos_sintesis/Acta_20No._2005_20de_202023_20SEMNNIMB.pdf
2023-semnnimb-06-completa,Acta No 06 de 2023 SEMNNIMB,Acta No. 06 de 2023 SEMNNIMB,https://www.invima.gov.co/biblioteca/acta_20no_2006_20de_202023_20semnnimbpdf-1,2023,06,SEMNNIMB,,2023-06-20,20/06/2023,official,https://www.invima.gov.co/productos-vigilados/medicamentos-y-productos-biologicos/sala-especializada-medicamentos-sintesis,listed,2026-09-01T21:04:26.464615+00:00,2026-09-01T21:04:26.464615+00:00,1,https://www.invima.gov.co/invima_website/static/attachments/medicamentos_sala_especializada_medicamentos_sintesis/Acta_20No._2006_20de_202023_20SEMNNIMB.pdf
2023-semnnimb-07-completa,Acta No 07 de 2023 SEMNNIMB,Acta No. 07 de 2023 SEMNNIMB,https://www.invima.gov.co/biblioteca/acta_20no_2007_20de_202023_20semnnimbpdf-1,2023,07,SEMNNIMB,,2023-06-28,28/06/2023,official,https://www.invima.gov.co/productos-vigilados/medicamentos-y-productos-biologicos/sala-especializada-medicamentos-sintesis,listed,2026-09-01T21:04:26.464615+00:00,2026-09-01T21:04:26.464615+00:00,1,https://www.invima.gov.co/invima_website/static/attachments/medicamentos_sala_especializada_medicamentos_sintesis/Acta_20No._2007_20de_202023_20SEMNNIMB.pdf
2023-semnnimb-08-completa,Acta No 08 de 2023 SEMNNIMB,Acta No. 08 de 2023 SEMNNIMB,https://www.invima.gov.co/biblioteca/acta_20no_2008_20de_202023_20semnnimbpdf,2023,08,SEMNNIMB,,2023-07-27,27/07/2023,official,https://www.invima.gov.co/productos-vigilados/medicamentos-y-productos-biologicos/sala-especializada-medicamentos-sintesis,listed,2026-09-01T21:04:26.464615+00:00,2026-09-01T21:04:26.464615+00:00,1,https://www.invima.gov.co/invima_website/static/attachments/medicamentos_sala_especializada_medicamentos_sintesis/Acta_20No._2008_20de_202023_20SEMNNIMB.pdf
2023-semnnimb-09-primera-parte,Acta No 09 de 2023 SEMNNIMB Primera Parte,Acta No. 09 de 2023 SEMNNIMB,https://www.invima.gov.co/biblioteca/download/90256,2023,09,SEMNNIMB,Primera Parte,2023-09-01,01/09/2023,official,https://www.invima.gov.co/productos-vigilados/medicamentos-y-productos-biologicos/sala-especializada-medicamentos-sintesis,listed,2026-09-01T21:04:26.464615+00:00,2026-09-01T21:04:26.464615+00:00,1,https://www.invima.gov.co/invima_website/static/attachments/medicamentos_sala_especializada_medicamentos_sintesis/Acta_20No._2009_20de_202023_20SEMNNIMB_20Primera_20Parte.pdf
2023-semnnimb-09-segunda-parte,Acta No 09 de 2023 SEMNNIMB Segunda Parte,Acta No. 09 de 2023 SEMNNIMB Segunda Parte,https://www.invima.gov.co/biblioteca/acta-09-2023-semnnimb-segunda-parte,2023,09,SEMNNIMB,Segunda Parte,2023-09-08,08/09/2023,official,https://www.invima.gov.co/productos-vigilados/medicamentos-y-productos-biologicos/sala-especializada-medicamentos-sintesis,listed,2026-09-01T21:04:26.464615+00:00,2026-09-01T21:04:26.464615+00:00,1,https://www.invima.gov.co/invima_website/static/attachments/medicamentos_sala_especializada_medicamentos_sintesis/Acta_20No._2009_20de_202023_20SEMNNIMB_20Segunda_20Parte.pdf
2023-semnnimb-10-completa,Acta No 10 de 2023 SEMNNIMB,Acta No. 10 de 2023 SEMNNIMB,https://www.invima.gov.co/biblioteca/download/90264,2023,10,SEMNNIMB,,2023-09-25,25/09/2023,official,https://www.invima.gov.co/productos-vigilados/medicamentos-y-productos-biologicos/sala-especializada-medicamentos-sintesis,listed,2026-09-01T21:04:26.464615+00:00,2026-09-01T21:04:26.464615+00:00,1,https://www.invima.gov.co/invima_website/static/attachments/medicamentos_sala_especializada_medicamentos_sintesis/Acta_20No._2010_20de_202023_20SEMNNIMB.pdf
2023-semnnimb-11-completa,Acta No 11 de 2023 SEMNNIMB,Acta No. 11 de 2023 SEMNNIMB,https://www.invima.gov.co/biblioteca/acta-11-2023-sala-especializada-moleculas-nuevas-90262,2023,11,SEMNNIMB,,2023-10-04,04/10/2023,official,https://www.invima.gov.co/productos-vigilados/medicamentos-y-productos-biologicos/sala-especializada-medicamentos-sintesis,listed,2026-09-01T21:04:26.464615+00:00,2026-09-01T21:04:26.464615+00:00,1,https://www.invima.gov.co/invima_website/static/attachments/medicamentos_sala_especializada_medicamentos_sintesis/Acta_20No._2011_20de_202023_20SEMNNIMB.pdf
2023-semnnimb-12-completa,Acta No 12 de 2023 SEMNNIMB,Acta No. 12 de 2023 SEMNNIMB,https://www.invima.gov.co/biblioteca/acta-12-2023-sala-especializada-moleculas-nuevas,2023,12,SEMNNIMB,,2023-11-02,02/11/2023,official,https://www.invima.gov.co/productos-vigilados/medicamentos-y-productos-biologicos/sala-especializada-medicamentos-sintesis,listed,2026-09-01T21:04:26.464615+00:00,2026-09-01T21:04:26.464615+00:00,1,https://www.invima.gov.co/invima_website/static/attachments/medicamentos_sala_especializada_medicamentos_sintesis/Acta_20No._2012_20de_202023_20SEMNNIMB.pdf
2023-semnnimb-13-completa,Acta No 13 de 2023 SEMNNIMB,Acta No. 13 de 2023 SEMNNIMB,https://www.invima.gov.co/biblioteca/acta-13-2023-sala-especializada-moleculas-nuevas,2023,13,SEMNNIMB,,2023-11-30,30/11/2023,official,https://www.invima.gov.co/productos-vigilados/medicamentos-y-productos-biologicos/sala-especializada-medicamentos-sintesis,listed,2026-09-01T21:04:26.464615+00:00,2026-09-01T21:04:26.464615+00:00,1,https://www.invima.gov.co/invima_website/static/attachments/medicamentos_sala_especializada_medicamentos_sintesis/Acta_20No._2013_20de_202023_20SEMNNIMB.pdf
2023-semnnimb-14-completa,Acta No 14 de 2023 SEMNNIMB,Acta No. 14 de 2023 SEMNNIMB,https://www.invima.gov.co/biblioteca/acta-14-2023-sala-especializada-moleculas-nuevas,2023,14,SEMNNIMB,,2023-12-11,11/12/2023,official,https://www.invima.gov.co/productos-vigilados/medicamentos-y-productos-biologicos/sala-especializada-medicamentos-sintesis,listed,2026-09-01T21:04:26.464615+00:00,2026-09-01T21:04:26.464615+00:00,1,https://www.invima.gov.co/invima_website/static/attachments/medicamentos_sala_especializada_medicamentos_sintesis/Acta_20No._2014_20de_202023_20SEMNNIMB.pdf
2023-semnnimb-15-completa,Acta No 15 de 2023 SEMNNIMB,Acta No. 15 de 2023 SEMNNIMB,https://www.invima.gov.co/biblioteca/acta_20no_2015_20de_202023_20semnnimbpdf,2023,15,SEMNNIMB,,2023-12-06,06/12/2023,official,https://www.invima.gov.co/productos-vigilados/medicamentos-y-productos-biologicos/sala-especializada-medicamentos-sintesis,listed,2026-09-01T21:04:26.464615+00:00,2026-09-01T21:04:26.464615+00:00,1,https://www.invima.gov.co/invima_website/static/attachments/medicamentos_sala_especializada_medicamentos_sintesis/Acta_20No._2015_20de_202023_20SEMNNIMB.pdf
2023-semnnimb-16-completa,Acta No 16 de 2023 SEMNNIMB,Acta No. 16 de 2023 SEMNNIMB,https://www.invima.gov.co/biblioteca/acta-16-2023-sala-especializada-moleculas-nuevas,2023,16,SEMNNIMB,,2024-01-10,10/01/2024,official,https://www.invima.gov.co/productos-vigilados/medicamentos-y-productos-biologicos/sala-especializada-medicamentos-sintesis,listed,2026-09-01T21:04:26.464615+00:00,2026-09-01T21:04:26.464615+00:00,1,https://www.invima.gov.co/invima_website/static/attachments/medicamentos_sala_especializada_medicamentos_sintesis/Acta_20No._2016_20de_202023_20SEMNNIMB.pdf
2024-sem-01-primera-parte,Acta No 01 de 2024 SEM Primera Parte,Acta No. 01 de 2024 SEM Primera parte,https://www.invima.gov.co/invima_website/static/attachments/medicamentos_sala_especializada_medicamentos_sintesis/ACTA_20No._2001_20DE_202024_20SEM_20Primera_20parte.pdf,2024,01,SEM,Primera Parte,2024-02-21,21/02/2024,official,https://www.invima.gov.co/productos-vigilados/medicamentos-y-productos-biologicos/sala-especializada-medicamentos-sintesis,listed,2026-09-01T21:04:26.464615+00:00,2026-09-01T21:04:26.464615+00:00,1,
2024-sem-01-segunda-parte,Acta No 01 de 2024 SEM Segunda Parte,Acta No. 01 de 2024 SEM Segunda parte,https://www.invima.gov.co/invima_website/static/attachments/medicamentos_sala_especializada_medicamentos_sintesis/ACTA_20No._2001_20DE_202024_20SEM_20Segunda_20parte.pdf,2024,01,SEM,Segunda Parte,2024-04-17,17/04/2024,official,https://www.invima.gov.co/productos-vigilados/medicamentos-y-productos-biologicos/sala-especializada-medicamentos-sintesis,listed,2026-09-01T21:04:26.464615+00:00,2026-09-01T21:04:26.464615+00:00,1,
2024-sem-01-tercera-parte,Acta No 01 de 2024 SEM Tercera Parte,Acta No. 01 de 2024 SEM Tercera parte,https://www.invima.gov.co/invima_website/static/attachments/medicamentos_sala_especializada_medicamentos_sintesis/ACTA_20No._2001_20DE_202024_20SEM_20Tercera_20parte.pdf,2024,01,SEM,Tercera Parte,2024-04-17,17/04/2024,official,https://www.invima.gov.co/productos-vigilados/medicamentos-y-productos-biologicos/sala-especializada-medicamentos-sintesis,listed,2026-09-01T21:04:26.464615+00:00,2026-09-01T21:04:26.464615+00:00,1,
2024-sem-01-cuarta-parte,Acta No 01 de 2024 SEM Cuarta Parte,Acta No. 01 de 2024 SEM Cuarta parte,https://www.invima.gov.co/invima_website/static/attachments/medicamentos_sala_especializada_medicamentos_sintesis/ACTA_20No._2001_20DE_202024_20SEM_20Cuarta_20parte.pdf,2024,01,SEM,Cuarta Parte,2024-05-27,27/05/2024,official,https://www.invima.gov.co/productos-vigilados/medicamentos-y-productos-biologicos/sala-especializada-medicamentos-sintesis,listed,2026-09-01T21:04:26.464615+00:00,2026-09-01T21:04:26.464615+00:00,1,
2024-sem-01-quinta-parte,Acta No 01 de 2024 SEM Quinta Parte,Acta No. 01 de 2024 SEM Quinta parte,https://www.invima.gov.co/invima_website/static/attachments/medicamentos_sala_especializada_medicamentos_sintesis/ACTA_20No._2001_20DE_202024_20SEM_20Quinta_20parte.pdf,2024,01,SEM,Quinta Parte,2024-05-27,27/05/2024,official,https://www.invima.gov.co/productos-vigilados/medicamentos-y-productos-biologicos/sala-especializada-medicamentos-sintesis,listed,2026-09-01T21:04:26.464615+00:00,2026-09-01T21:04:26.464615+00:00,1,
2024-sem-01-sexta-parte,Acta No 01 de 2024 SEM Sexta Parte,Acta No. 01 de 2024 SEM Sexta parte,https://www.invima.gov.co/invima_website/static/attachments/medicamentos_sala_especializada_medicamentos_sintesis/ACTA_20No._2001_20DE_202024_20SEM_20Sexta_20parte.pdf,2024,01,SEM,Sexta Parte,2024-07-04,04/07/2024,official,https://www.invima.gov.co/productos-vigilados/medicamentos-y-productos-biologicos/sala-especializada-medicamentos-sintesis,listed,2026-09-01T21:04:26.464615+00:00,2026-09-01T21:04:26.464615+00:00,1,
2024-sem-01-septima-parte,Acta No 01 de 2024 SEM Séptima Parte,Acta No. 01 de 2024 SEM Séptima parte,,2024,01,SEM,Séptima Parte,2024-07-26,26/07/2024,official,https://www.invima.gov.co/productos-vigilados/medicamentos-y-productos-biologicos/sala-especializada-medicamentos-sintesis,listed,2026-09-01T21:04:26.464615+00:00,2026-09-01T21:04:26.464615+00:00,1,
2024-sem-01-octava-parte,Acta No 01 de 2024 SEM Octava Parte,Acta No. 01 de 2024 SEM Octava parte,,2024,01,SEM,Octava Parte,2024-08-21,21/08/2024,official,https://www.invima.gov.co/productos-vigilados/medicamentos-y-productos-biologicos/sala-especializada-medicamentos-sintesis,listed,2026-09-01T21:04:26.464615+00:00,2026-09-01T21:04:26.464615+00:00,1,
2024-sem-01-novena-parte,Acta No 01 de 2024 SEM Novena Parte,Acta No. 01 de 2024 SEM Novena parte,https://www.invima.gov.co/invima_website/static/attachments/medicamentos_sala_especializada_medicamentos_sintesis/acta_no._01_de_2024_sem_novena_parte.pdf,2024,01,SEM,Novena Parte,2024-10-22,22/10/2024,official,https://www.invima.gov.co/productos-vigilados/medicamentos-y-productos-biologicos/sala-especializada-medicamentos-sintesis,listed,2026-09-01T21:04:26.464615+00:00,2026-09-01T21:04:26.464615+00:00,1,
2024-sem-01-decima-parte,Acta No 01 de 2024 SEM Décima Parte,Acta No. 01 de 2024 SEM Décima parte,https://www.invima.gov.co/invima_website/static/attachments/medicamentos_sala_especializada_medicamentos_sintesis/acta_no._01_de_2024_sem_d_C3_A9cima_parte.pdf,2024,01,SEM,Décima Parte,2024-11-18,18/11/2024,official,https://www.invima.gov.co/productos-vigilados/medicamentos-y-productos-biologicos/sala-especializada-medicamentos-sintesis,listed,2026-09-01T21:04:26.464615+00:00,2026-09-01T21:04:26.464615+00:00,1,
2024-sem-02-primera-parte,Acta No 02 de 2024 SEM Primera Parte,Acta No. 02 de 2024 SEM Primera parte,https://www.invima.gov.co/invima_website/static/attachments/medicamentos_sala_especializada_medicamentos_sintesis/ACTA_20No._2002_20DE_202024_20SEM_20Primera_20parte.pdf,2024,02,SEM,Primera Parte,2024-03-11,11/03/2024,official,https://www.invima.gov.co/productos-vigilados/medicamentos-y-productos-biologicos/sala-especializada-medicamentos-sintesis,listed,2026-09-01T21:04:26.464615+00:00,2026-09-01T21:04:26.464615+00:00,1,
2024-sem-02-segunda-parte,Acta No 02 de 2024 SEM Segunda Parte,Acta No. 02 de 2024 SEM Segunda parte,https://www.invima.gov.co/invima_website/static/attachments/medicamentos_sala_especializada_medicamentos_sintesis/ACTA_20No._2002_20DE_202024_20SEM_20Segunda_20parte.pdf,2024,02,SEM,Segunda Parte,2024-05-27,27/05/2024,official,https://www.invima.gov.co/productos-vigilados/medicamentos-y-productos-biologicos/sala-especializada-medicamentos-sintesis,listed,2026-09-01T21:04:26.464615+00:00,2026-09-01T21:04:26.464615+00:00,1,
2024-sem-02-tercera-parte,Acta No 02 de 2024 SEM Tercera Parte,Acta No. 02 de 2024 SEM Tercera parte,https://www.invima.gov.co/invima_website/static/attachments/medicamentos_sala_especializada_medicamentos_sintesis/ACTA_20No._2002_20DE_202024_20SEM_20Tercera_20parte.pdf,2024,02,SEM,Tercera Parte,2024-06-18,18/06/2024,official,https://www.invima.gov.co/productos-vigilados/medicamentos-y-productos-biologicos/sala-especializada-medicamentos-sintesis,listed,2026-09-01T21:04:26.464615+00:00,2026-09-01T21:04:26.464615+00:00,1,
2024-sem-02-cuarta-parte,Acta No 02 de 2024 SEM Cuarta Parte,Acta No. 02 de 2024 SEM Cuarta parte,https://www.invima.gov.co/invima_website/static/attachments/medicamentos_sala_especializada_medicamentos_sintesis/acta_no._02_de_2024_sem_cuarta_parte.pdf,2024,02,SEM,Cuarta Parte,2024-09-05,05/09/2024,official,https://www.invima.gov.co/productos-vigilados/medicamentos-y-productos-biologicos/sala-especializada-medicamentos-sintesis,listed,2026-09-01T21:04:26.464615+00:00,2026-09-01T21:04:26.464615+00:00,1,
2024-sem-02-quinta-parte,Acta No 02 de 2024 SEM Quinta Parte,Acta No. 02 de 2024 SEM Quinta parte,https://www.invima.gov.co/invima_website/static/attachments/medicamentos_sala_especializada_medicamentos_sintesis/acta_no._02_de_2024_sem_quinta_parte.pdf,2024,02,SEM,Quinta Parte,2024-10-22,22/10/2024,official,https://www.invima.gov.co/productos-vigilados/medicamentos-y-productos-biologicos/sala-especializada-medicamentos-sintesis,listed,2026-09-01T21:04:26.464615+00:00,2026-09-01T21:04:26.464615+00:00,1,
2024-sem-02-sexta-parte,Acta No 02 de 2024 SEM Sexta Parte,Acta No. 02 de 2024 SEM Sextaparte,https://www.invima.gov.co/invima_website/static/attachments/medicamentos_sala_especializada_medicamentos_sintesis/acta_no._02_de_2024_sem_sexta_parte.pdf,2024,02,SEM,Sexta Parte,2025-02-18,18/02/2025,official,https://www.invima.gov.co/productos-vigilados/medicamentos-y-productos-biologicos/sala-especializada-medicamentos-sintesis,listed,2026-09-01T21:04:26.464615+00:00,2026-09-01T21:04:26.464615+00:00,1,
2024-sem-03-completa,Acta No 03 de 2024 SEM,Acta No. 03 de 2024 SEM,https://www.invima.gov.co/invima_website/static/attachments/medicamentos_sala_especializada_medicamentos_sintesis/ACTA_20No._2003_20DE_202024_20SEM.pdf,2024,03,SEM,,2024-04-17,17/04/2024,official,https://www.invima.gov.co/productos-vigilados/medicamentos-y-productos-biologicos/sala-especializada-medicamentos-sintesis,listed,2026-09-01T21:04:26.464615+00:00,2026-09-01T21:04:26.464615+00:00,1,
2024-sem-04-completa,Acta No 04 de 2024 SEM,Acta No. 04 de 2024 SEM,https://www.invima.gov.co/invima_website/static/attachments/medicamentos_sala_especializada_medicamentos_sintesis/ACTA_20No._2004_20DE_202024_20SEM.pdf,2024,04,SEM,,2024-04-17,17/04/2024,official,https://www.invima.gov.co/productos-vigilados/medicamentos-y-productos-biologicos/sala-especializada-medicamentos-sintesis,listed,2026-09-01T21:04:26.464615+00:00,2026-09-01T21:04:26.464615+00:00,1,
2024-sem-05-completa,Acta No 05 de 2024 SEM,Acta No. 05 de 2024 SEM,https://www.invima.gov.co/invima_website/static/attachments/medicamentos_sala_especializada_medicamentos_sintesis/ACTA_20No._2005_20DE_202024_20SEM.pdf,2024,05,SEM,,2024-05-08,08/05/2024,official,https://www.invima.gov.co/productos-vigilados/medicamentos-y-productos-biologicos/sala-especializada-medicamentos-sintesis,listed,2026-09-01T21:04:26.464615+00:00,2026-09-01T21:04:26.464615+00:00,1,
2024-sem-06-completa,Acta No 06 de 2024 SEM,Acta No. 06 de 2024 SEM,https://www.invima.gov.co/invima_website/static/attachments/medicamentos_sala_especializada_medicamentos_sintesis/ACTA_20No._2006_20DE_202024_20SEM.pdf,2024,06,SEM,,2024-05-22,22/05/2024,official,https://www.invima.gov.co/productos-vigilados/medicamentos-y-productos-biologicos/sala-especializada-medicamentos-sintesis,listed,2026-09-01T21:04:26.464615+00:00,2026-09-01T21:04:26.464615+00:00,1,
2024-sem-07-completa,Acta No 07 de 2024 SEM,Acta No. 07 de 2024 SEM,https://www.invima.gov.co/invima_website/static/attachments/medicamentos_sala_especializada_medicamentos_sintesis/ACTA_20No._2007_20DE_202024_20SEM.pdf,2024,07,SEM,,2024-06-18,18/06/2024,official,https://www.invima.gov.co/productos-vigilados/medicamentos-y-productos-biologicos/sala-especializada-medicamentos-sintesis,listed,2026-09-01T21:04:26.464615+00:00,2026-09-01T21:04:26.464615+00:00,1,
2024-sem-09-completa,Acta No 09 de 2024 SEM,Acta No. 09 de 2024 SEM,https://www.invima.gov.co/invima_website/static/attachments/medicamentos_sala_especializada_medicamentos_sintesis/acta_no._09_de_2024_sem.pdf,2024,09,SEM,,2024-08-02,02/08/2024,official,https://www.invima.gov.co/productos-vigilados/medicamentos-y-productos-biologicos/sala-especializada-medicamentos-sintesis,listed,2026-09-01T21:04:26.464615+00:00,2026-09-01T21:04:26.464615+00:00,1,
2024-sem-10-completa,Acta No 10 de 2024 SEM,Acta No. 10 de 2024 SEM,https://www.invima.gov.co/invima_website/static/attachments/medicamentos_sala_especializada_medicamentos_sintesis/acta_no._10_de_2024_sem.pdf,2024,10,SEM,,2024-10-21,21/10/2024,official,https://www.invima.gov.co/productos-vigilados/medicamentos-y-productos-biologicos/sala-especializada-medicamentos-sintesis,listed,2026-09-01T21:04:26.464615+00:00,2026-09-01T21:04:26.464615+00:00,1,
2024-sem-11-completa,Acta No 11 de 2024 SEM,Acta No. 11 de 2024 SEM,https://www.invima.gov.co/invima_website/static/attachments/medicamentos_sala_especializada_medicamentos_sintesis/acta_no._11_de_2024_sem.pdf,2024,11,SEM,,2024-10-21,21/10/2024,official,https://www.invima.gov.co/productos-vigilados/medicamentos-y-productos-biologicos/sala-especializada-medicamentos-sintesis,listed,2026-09-01T21:04:26.464615+00:00,2026-09-01T21:04:26.464615+00:00,1,
2024-sem-12-completa,Acta No 12 de 2024 SEM,Acta No. 12 de 2024 SEM,https://www.invima.gov.co/invima_website/static/attachments/medicamentos_sala_especializada_medicamentos_sintesis/acta_no._12_de_2024_sem.pdf,2024,12,SEM,,2024-10-21,21/10/2024,official,https://www.invima.gov.co/productos-vigilados/medicamentos-y-productos-biologicos/sala-especializada-medicamentos-sintesis,listed,2026-09-01T21:04:26.464615+00:00,2026-09-01T21:04:26.464615+00:00,1,
2024-sem-13-completa,Acta No 13 de 2024 SEM,Acta No. 13 de 2024 SEM,https://www.invima.gov.co/invima_website/static/attachments/medicamentos_sala_especializada_medicamentos_sintesis/acta_no._13_de_2024_sem.pdf,2024,13,SEM,,2025-02-13,13/02/2025,official,https://www.invima.gov.co/productos-vigilados/medicamentos-y-productos-biologicos/sala-especializada-medicamentos-sintesis,listed,2026-09-01T21:04:26.464615+00:00,2026-09-01T21:04:26.464615+00:00,1,
2024-sem-14-completa,Acta No 14 de 2024 SEM,Acta No. 14 de 2024 SEM,https://www.invima.gov.co/invima_website/static/attachments/medicamentos_sala_especializada_medicamentos_sintesis/acta_no._14_de_2024_sem.pdf,2024,14,SEM,,2025-02-18,18/02/2025,official,https://www.invima.gov.co/productos-vigilados/medicamentos-y-productos-biologicos/sala-especializada-medicamentos-sintesis,listed,2026-09-01T21:04:26.464615+00:00,2026-09-01T21:04:26.464615+00:00,1,
2024-sem-15-completa,Acta No 15 de 2024 SEM,Acta No. 15 de 2024 SEM,https://www.invima.gov.co/invima_website/static/attachments/medicamentos_sala_especializada_medicamentos_sintesis/acta_no._15_de_2024_sem.pdf,2024,15,SEM,,2025-02-18,18/02/2025,official,https://www.invima.gov.co/productos-vigilados/medicamentos-y-productos-biologicos/sala-especializada-medicamentos-sintesis,listed,2026-09-01T21:04:26.464615+00:00,2026-09-01T21:04:26.464615+00:00,1,
2024-sem-16-completa,Acta No 16 de 2024 SEM,Acta No. 16 de 2024 SEM,https://www.invima.gov.co/invima_website/static/attachments/medicamentos_sala_especializada_medicamentos_sintesis/acta_no._16_de_2024_sem.pdf,2024,16,SEM,,2025-02-18,18/02/2025,official,https://www.invima.gov.co/productos-vigilados/medicamentos-y-productos-biologicos/sala-especializada-medicamentos-sintesis,listed,2026-09-01T21:04:26.464615+00:00,2026-09-01T21:04:26.464615+00:00,1,
2024-semnnimb-01-completa,Acta No 01 de 2024 SEMNNIMB,Acta No. 01 de 2024 SEMNNIMB,https://www.invima.gov.co/biblioteca/acta_20no_2001_20de_202024_20semnnimbpdf,2024,01,SEMNNIMB,,2024-02-08,08/02/2024,official,https://www.invima.gov.co/productos-vigilados/medicamentos-y-productos-biologicos/sala-especializada-medicamentos-sintesis,listed,2026-09-01T21:04:26.464615+00:00,2026-09-01T21:04:26.464615+00:00,1,https://www.invima.gov.co/invima_website/static/attachments/medicamentos_sala_especializada_medicamentos_sintesis/Acta_20No._2001_20de_202024_20SEMNNIMB.pdf
2024-semnnimb-02-completa,Acta No 02 de 2024 SEMNNIMB,Acta No. 02 de 2024 SEMNNIMB,https://www.invima.gov.co/biblioteca/acta_20no_2002_20de_202024_20semnnimbpdf,2024,02,SEMNNIMB,,2024-02-08,08/02/2024,official,https://www.invima.gov.co/productos-vigilados/medicamentos-y-productos-biologicos/sala-especializada-medicamentos-sintesis,listed,2026-09-01T21:04:26.464615+00:00,2026-09-01T21:04:26.464615+00:00,1,https://www.invima.gov.co/invima_website/static/attachments/medicamentos_sala_especializada_medicamentos_sintesis/Acta_20No._2002_20de_202024_20SEMNNIMB.pdf
2024-semnnimb-03-completa,Acta No 03 de 2024 SEMNNIMB,Acta No. 03 de 2024 SEMNNIMB,https://www.invima.gov.co/biblioteca/acta-03-2024-sala-especializada-moleculas-nuevas,2024,03,SEMNNIMB,,2024-02-08,08/02/2024,official,https://www.invima.gov.co/productos-vigilados/medicamentos-y-productos-biologicos/sala-especializada-medicamentos-sintesis,listed,2026-09-01T21:04:26.464615+00:00,2026-09-01T21:04:26.464615+00:00,1,https://www.invima.gov.co/invima_website/static/attachments/medicamentos_sala_especializada_medicamentos_sintesis/Acta_20No._2003_20de_202024_20SEMNNIMB.pdf
2024-semnnimb-04-completa,Acta No 04 de 2024 SEMNNIMB,Acta No. 04 de 2024 SEMNNIMB,https://www.invima.gov.co/biblioteca/acta_20no_2004_20de_202024_20semnnimbpdf,2024,04,SEMNNIMB,,2024-02-08,08/02/2024,official,https://www.invima.gov.co/productos-vigilados/medicamentos-y-productos-biologicos/sala-especializada-medicamentos-sintesis,listed,2026-09-01T21:04:26.464615+00:00,2026-09-01T21:04:26.464615+00:00,1,https://www.invima.gov.co/invima_website/static/attachments/medicamentos_sala_especializada_medicamentos_sintesis/Acta_20No._2004_20de_202024_20SEMNNIMB.pdf
2024-semnnimb-05-completa,Acta No 05 de 2024 SEMNNIMB,Acta No.05 de 2024 SEMNNIMB,https://www.invima.gov.co/biblioteca/acta_20no_2005_20de_202024_20semnnimbpdf-1,2024,05,SEMNNIMB,,2024-02-22,22/02/2024,official,https://www.invima.gov.co/productos-vigilados/medicamentos-y-productos-biologicos/sala-especializada-medicamentos-sintesis,listed,2026-09-01T21:04:26.464615+00:00,2026-09-01T21:04:26.464615+00:00,1,https://www.invima.gov.co/invima_website/static/attachments/medicamentos_sala_especializada_medicamentos_sintesis/Acta_20No._2005_20de_202024_20SEMNNIMB.pdf
2024-semnnimb-06-completa,Acta No 06 de 2024 SEMNNIMB,Acta No.06 de 2024 SEMNNIMB,https://www.invima.gov.co/biblioteca/acta_20no_2006_20de_202024_20semnnimb_1pdf,2024,06,SEMNNIMB,,2024-03-21,21/03/2024,official,https://www.invima.gov.co/productos-vigilados/medicamentos-y-productos-biologicos/sala-especializada-medicamentos-sintesis,listed,2026-09-01T21:04:26.464615+00:00,2026-09-01T21:04:26.464615+00:00,1,https://www.invima.gov.co/invima_website/static/attachments/medicamentos_sala_especializada_medicamentos_sintesis/Acta_20No._2006_20de_202024_20SEMNNIMB.pdf
2024-semnnimb-07-completa,Acta No 07 de 2024 SEMNNIMB,Acta No.07 de 2024 SEMNNIMB,https://www.invima.gov.co/biblioteca/acta_20no_2007_20de_202024_20semnnimbpdf,2024,07,SEMNNIMB,,2024-03-21,21/03/2024,official,https://www.invima.gov.co/productos-vigilados/medicamentos-y-productos-biologicos/sala-especializada-medicamentos-sintesis,listed,2026-09-01T21:04:26.464615+00:00,2026-09-01T21:04:26.464615+00:00,1,https://www.invima.gov.co/invima_website/static/attachments/medicamentos_sala_especializada_medicamentos_sintesis/Acta_20No._2007_20de_202024_20SEMNNIMB.pdf
2024-semnnimb-08-completa,Acta No 08 de 2024 SEMNNIMB,Acta No.08 de 2024 SEMNNIMB,https://www.invima.gov.co/biblioteca/acta-08-2024-sala-especializada-moleculas-nuevas,2024,08,SEMNNIMB,,2024-04-05,05/04/2024,official,https://www.invima.gov.co/productos-vigilados/medicamentos-y-productos-biologicos/sala-especializada-medicamentos-sintesis,listed,2026-09-01T21:04:26.464615+00:00,2026-09-01T21:04:26.464615+00:00,1,https://www.invima.gov.co/invima_website/static/attachments/medicamentos_sala_especializada_medicamentos_sintesis/Acta_20No._2008_20de_202024_20SEMNNIM.pdf
2024-semnnimb-09-completa,Acta No 09 de 2024 SEMNNIMB,Acta No.09 de 2024 SEMNNIMB,https://www.invima.gov.co/biblioteca/acta-no-09-2024-sala-especializada-moleculas-nuevas,2024,09,SEMNNIMB,,2024-04-15,15/04/2024,official,https://www.invima.gov.co/productos-vigilados/medicamentos-y-productos-biologicos/sala-especializada-medicamentos-sintesis,listed,2026-09-01T21:04:26.464615+00:00,2026-09-01T21:04:26.464615+00:00,1,https://www.invima.gov.co/invima_website/static/attachments/medicamentos_sala_especializada_medicamentos_sintesis/Acta_20No._2009_20de_202024_20SEMNNIMB.pdf
2024-semnnimb-10-completa,Acta No 10 de 2024 SEMNNIMB,Acta No.10 de 2024 SEMNNIMB,https://www.invima.gov.co/biblioteca/acta-10-2024-sala-especializada-moleculas-nuevas,2024,10,SEMNNIMB,,2024-04-22,22/04/2024,official,https://www.invima.gov.co/productos-vigilados/medicamentos-y-productos-biologicos/sala-especializada-medicamentos-sintesis,listed,2026-09-01T21:04:26.464615+00:00,2026-09-01T21:04:26.464615+00:00,1,https://www.invima.gov.co/invima_website/static/attachments/medicamentos_sala_especializada_medicamentos_sintesis/Acta_20No._2010_20de_202024_20SEMNNIMB_20_1_.pdf
2024-semnnimb-11-completa,Acta No 11 de 2024 SEMNNIMB,Acta No.11 de 2024 SEMNNIMB,https://www.invima.gov.co/invima_website/static/attachments/medicamentos_sala_especializada_medicamentos_sintesis/Acta_20No._2011_20de_202024_20SEMNNIMB_20Primera_20Parte.pdf,2024,11,SEMNNIMB,,2024-04-25,25/04/2024,official,https://www.invima.gov.co/productos-vigilados/medicamentos-y-productos-biologicos/sala-especializada-medicamentos-sintesis,listed,2026-09-01T21:04:26.464615+00:00,2026-09-01T21:04:26.464615+00:00,1,
2024-semnnimb-11-primera-parte,Acta No 11 de 2024 SEMNNIMB Primera Parte,Acta No 11 de 2024 SEMNNIMB Primera Parte,https://www.invima.gov.co/biblioteca/download/91144,2024,11,SEMNNIMB,Primera Parte,,,official,https://www.invima.gov.co/productos-vigilados/medicamentos-y-productos-biologicos/sala-especializada-medicamentos-sintesis,unlisted,,,1,
2024-semnnimb-12-completa,Acta No 12 de 2024 SEMNNIMB,Acta No.12 de 2024 SEMNNIMB,https://www.invima.gov.co/biblioteca/download/122671,2024,12,SEMNNIMB,,2024-05-08,08/05/2024,official,https://www.invima.gov.co/productos-vigilados/medicamentos-y-productos-biologicos/sala-especializada-medicamentos-sintesis,listed,2026-09-01T21:04:26.464615+00:00,2026-09-01T21:04:26.464615+00:00,1,https://www.invima.gov.co/invima_website/static/attachments/medicamentos_sala_especializada_medicamentos_sintesis/Acta_20No._2012_20de_202024_20SEMNNIMB.pdf
2024-semnnimb-13-completa,Acta No 13 de 2024 SEMNNIMB,Acta No. 13 de 2024 SEMNNIMB,https://www.invima.gov.co/biblioteca/acta_20no_2013_20de_202024_20semnnimbpdf-1,2024,13,SEMNNIMB,,2024-05-27,27/05/2024,official,https://www.invima.gov.co/productos-vigilados/medicamentos-y-productos-biologicos/sala-especializada-medicamentos-sintesis,listed,2026-09-01T21:04:26.464615+00:00,2026-09-01T21:04:26.464615+00:00,1,https://www.invima.gov.co/invima_website/static/attachments/medicamentos_sala_especializada_medicamentos_sintesis/Acta_20No._2013_20de_202024_20SEMNNIMB.pdf
2024-semnnimb-14-completa,Acta No 14 de 2024 SEMNNIMB,Acta No. 14 de 2024 SEMNNIMB,https://www.invima.gov.co/biblioteca/download/91158,2024,14,SEMNNIMB,,2024-06-12,12/06/2024,official,https://www.invima.gov.co/productos-vigilados/medicamentos-y-productos-biologicos/sala-especializada-medicamentos-sintesis,listed,2026-09-01T21:04:26.464615+00:00,2026-09-01T21:04:26.464615+00:00,1,https://www.invima.gov.co/invima_website/static/attachments/medicamentos_sala_especializada_medicamentos_sintesis/Acta_20No._2014_20de_202024_20SEMNNIMB.pdf
2024-semnnimb-15-completa,Acta No 15 de 2024 SEMNNIMB,Acta No. 15 de 2024 SEMNNIMB,https://www.invima.gov.co/biblioteca/download/123360,2024,15,SEMNNIMB,,2024-06-12,12/06/2024,official,https://www.invima.gov.co/productos-vigilados/medicamentos-y-productos-biologicos/sala-especializada-medicamentos-sintesis,listed,2026-09-01T21:04:26.464615+00:00,2026-09-01T21:04:26.464615+00:00,1,https://www.invima.gov.co/invima_website/static/attachments/medicamentos_sala_especializada_medicamentos_sintesis/Acta_20No._2015_20de_202024_20SEMNNIMB.pdf
2024-semnnimb-16-completa,Acta No 16 de 2024 SEMNNIMB,Acta No. 16 de 2024 SEMNNIMB,https://www.invima.gov.co/biblioteca/acta-16-2024-sala-especializada-moleculas-nuevas,2024,16,SEMNNIMB,,2024-06-27,27/06/2024,official,https://www.invima.gov.co/productos-vigilados/medicamentos-y-productos-biologicos/sala-especializada-medicamentos-sintesis,listed,2026-09-01T21:04:26.464615+00:00,2026-09-01T21:04:26.464615+00:00,1,https://www.invima.gov.co/invima_website/static/attachments/medicamentos_sala_especializada_medicamentos_sintesis/Acta_20No._2016_20de_202024_20SEMNNIMB.pdf
2024-semnnimb-17-completa,Acta No 17 de 2024 SEMNNIMB,Acta No. 17 de 2024 SEMNNIMB,https://www.invima.gov.co/biblioteca/download/124312,2024,17,SEMNNIMB,,2024-06-27,27/06/2024,official,https://www.invima.gov.co/productos-vigilados/medicamentos-y-productos-biologicos/sala-especializada-medicamentos-sintesis,listed,2026-09-01T21:04:26.464615+00:00,2026-09-01T21:04:26.464615+00:00,1,https://www.invima.gov.co/invima_website/static/attachments/medicamentos_sala_especializada_medicamentos_sintesis/Acta_20No._2017_20de_202024_20SEMNNIMB.pdf
2024-semnnimb-18-completa,Acta No 18 de 2024 SEMNNIMB,Acta No. 18 de 2024 SEMNNIMB,https://www.invima.gov.co/biblioteca/download/145545,2024,18,SEMNNIMB,,2024-07-30,30/07/2024,official,https://www.invima.gov.co/productos-vigilados/medicamentos-y-productos-biologicos/sala-especializada-medicamentos-sintesis,listed,2026-09-01T21:04:26.464615+00:00,2026-09-01T21:04:26.464615+00:00,1,https://www.invima.gov.co/biblioteca/acta-no-18-de-2024-semnnimbpdf
2024-semnnimb-19-completa,Acta No 19 de 2024 SEMNNIMB,Acta No. 19 de 2024 SEMNNIMB,https://www.invima.gov.co/biblioteca/download/145544,2024,19,SEMNNIMB,,2024-07-30,30/07/2024,official,https://www.invima.gov.co/productos-vigilados/medicamentos-y-productos-biologicos/sala-especializada-medicamentos-sintesis,listed,2026-09-01T21:04:26.464615+00:00,2026-09-01T21:04:26.464615+00:00,1,https://www.invima.gov.co/biblioteca/acta-no-19-de-2024-semnnimbpdf
2024-semnnimb-20-completa,Acta No 20 de 2024 SEMNNIMB,Acta No. 20 de 2024 SEMNNIMB,https://www.invima.gov.co/biblioteca/acta_no_20_de_2024_semnnimbpdf,2024,20,SEMNNIMB,,2024-09-05,05/09/2024,official,https://www.invima.gov.co/productos-vigilados/medicamentos-y-productos-biologicos/sala-especializada-medicamentos-sintesis,listed,2026-09-01T21:04:26.464615+00:00,2026-09-01T21:04:26.464615+00:00,1,https://www.invima.gov.co/invima_website/static/attachments/medicamentos_sala_especializada_medicamentos_sintesis/acta_no._20_de_2024_semnnimb.pdf
2024-semnnimb-21-completa,Acta No 21 de 2024 SEMNNIMB,Acta No. 21 de 2024 SEMNNIMB,https://www.invima.gov.co/biblioteca/acta_no_21_de_2024_semnnimbpdf-1,2024,21,SEMNNIMB,,2024-10-04,04/10/2024,official,https://www.invima.gov.co/productos-vigilados/medicamentos-y-productos-biologicos/sala-especializada-medicamentos-sintesis,listed,2026-09-01T21:04:26.464615+00:00,2026-09-01T21:04:26.464615+00:00,1,https://www.invima.gov.co/invima_website/static/attachments/medicamentos_sala_especializada_medicamentos_sintesis/acta_no._21_de_2024_semnnimb.pdf
2024-semnnimb-22-completa,Acta No 22 de 2024 SEMNNIMB,Acta No. 22 de 2024 SEMNNIMB,https://www.invima.gov.co/biblioteca/download/122615,2024,22,SEMNNIMB,,2024-11-08,08/11/2024,official,https://www.invima.gov.co/productos-vigilados/medicamentos-y-productos-biologicos/sala-especializada-medicamentos-sintesis,listed,2026-09-01T21:04:26.464615+00:00,2026-09-01T21:04:26.464615+00:00,1,https://www.invima.gov.co/invima_website/static/attachments/medicamentos_sala_especializada_medicamentos_sintesis/acta_no._22_de_2024_semnnimb.pdf
2024-semnnimb-23-completa,Acta No 23 de 2024 SEMNNIMB,Acta No. 23 de 2024 SEMNNIMB,https://www.invima.gov.co/biblioteca/download/122552,2024,23,SEMNNIMB,,2024-11-18,18/11/2024,official,https://www.invima.gov.co/productos-vigilados/medicamentos-y-productos-biologicos/sala-especializada-medicamentos-sintesis,listed,2026-09-01T21:04:26.464615+00:00,2026-09-01T21:04:26.464615+00:00,1,https://www.invima.gov.co/invima_website/static/attachments/medicamentos_sala_especializada_medicamentos_sintesis/acta_no._23_de_2024_semnnimb.pdf
2024-semnnimb-24-completa,Acta No 24 de 2024 SEMNNIMB,Acta No. 24 de 2024 SEMNNIMB,https://www.invima.gov.co/biblioteca/acta_no_24_de_2024_semnnimb_1pdf,2024,24,SEMNNIMB,,2024-11-25,25/11/2024,official,https://www.invima.gov.co/productos-vigilados/medicamentos-y-productos-biologicos/sala-especializada-medicamentos-sintesis,listed,2026-09-01T21:04:26.464615+00:00,2026-09-01T21:04:26.464615+00:00,1,https://www.invima.gov.co/invima_website/static/attachments/medicamentos_sala_especializada_medicamentos_sintesis/acta_no._24_de_2024_semnnimb.pdf
2024-semnnimb-25-completa,Acta No 25 de 2024 SEMNNIMB,Acta No. 25 de 2024 SEMNNIMB,https://www.invima.gov.co/biblioteca/download/123389,2024,25,SEMNNIMB,,2024-12-09,09/12/2024,official,https://www.invima.gov.co/productos-vigilados/medicamentos-y-productos-biologicos/sala-especializada-medicamentos-sintesis,listed,2026-09-01T21:04:26.464615+00:00,2026-09-01T21:04:26.464615+00:00,1,https://www.invima.gov.co/invima_website/static/attachments/medicamentos_sala_especializada_medicamentos_sintesis/acta_no._25_de_2024_semnnimb.pdf
2024-semnnimb-26-completa,Acta No 26 de 2024 SEMNNIMB,Acta No. 26 de 2024 SEMNNIMB,https://www.invima.gov.co/biblioteca/acta-26-2024-sala-especializada-medicamentos-biologicos,2024,26,SEMNNIMB,,2024-12-24,24/12/2024,official,https://www.invima.gov.co/productos-vigilados/medicamentos-y-productos-biologicos/sala-especializada-medicamentos-sintesis,listed,2026-09-01T21:04:26.464615+00:00,2026-09-01T21:04:26.464615+00:00,1,https://www.invima.gov.co/invima_website/static/attachments/medicamentos_sala_especializada_medicamentos_sintesis/acta_no._26_de_2024_semnnimb.pdf
2024-semnnimb-27-completa,Acta No 27 de 2024 SEMNNIMB,Acta No. 27 de 2024 SEMNNIMB,https://www.invima.gov.co/biblioteca/acta_no_27_de_2024_semnnimbpdf-1,2024,27,SEMNNIMB,,2024-12-27,27/12/2024,official,https://www.invima.gov.co/productos-vigilados/medicamentos-y-productos-biologicos/sala-especializada-medicamentos-sintesis,listed,2026-09-01T21:04:26.464615+00:00,2026-09-01T21:04:26.464615+00:00,1,https://www.invima.gov.co/invima_website/static/attachments/medicamentos_sala_especializada_medicamentos_sintesis/acta_no._27_de_2024_semnnimb.pdf
2024-semnnimb-28-completa,Acta No 28 de 2024 SEMNNIMB,Acta No. 28 de 2024 SEMNNIMB,https://www.invima.gov.co/invima_website/static/attachments/medicamentos_sala_especializada_medicamentos_sintesis/acta_no._28_de_2024_semnnimb.pdf,2024,28,SEMNNIMB,,2024-12-31,31/12/2024,official,https://www.invima.gov.co/productos-vigilados/medicamentos-y-productos-biologicos/sala-especializada-medicamentos-sintesis,listed,2026-09-01T21:04:26.464615+00:00,2026-09-01T21:04:26.464615+00:00,1,
2025-sempb-01-primera-parte,Acta No 01 de 2025 SEMPB Primera Parte,Acta No. 01 de 2025 SEMPB Primera parte,https://www.invima.gov.co/biblioteca/acta_no_01_de_2025_sempb_primera_partepdf,2025,01,SEMPB,Primera Parte,2025-06-01,01/06/2025,official,https://www.invima.gov.co/productos-vigilados/medicamentos-y-productos-biologicos/sala-especializada-medicamentos-sintesis,listed,2026-09-01T21:04:26.464615+00:00,2026-09-01T21:04:26.464615+00:00,3,https://www.invima.gov.co/invima_website/static/attachments/medicamentos_sala_especializada_medicamentos_sintesis/acta_no._01_de_2025_sempb_primera_parte.pdf
2025-sempb-01-segunda-parte,Acta No 01 de 2025 SEMPB Segunda Parte,Acta No. 01 de 2025 SEMPB Segunda parte,https://www.invima.gov.co/biblioteca/acta_no_01_de_2025_sempb_segunda_partepdf-1,2025,01,SEMPB,Segunda Parte,2025-03-19,19/03/2025,official,https://www.invima.gov.co/productos-vigilados/medicamentos-y-productos-biologicos/sala-especializada-medicamentos-sintesis,listed,2026-09-01T21:04:26.464615+00:00,2026-09-01T21:04:26.464615+00:00,3,https://www.invima.gov.co/invima_website/static/attachments/medicamentos_sala_especializada_medicamentos_sintesis/acta_no._01_de_2025_sempb_segunda_parte.pdf
2025-sempb-01-tercera-parte,Acta No 01 de 2025 SEMPB Tercera Parte,Acta No. 01 de 2025 SEMPB Tercera parte,https://www.invima.gov.co/biblioteca/acta-no-01-2025-sempb-tercera-parte,2025,01,SEMPB,Tercera Parte,2025-04-01,01/04/2025,official,https://www.invima.gov.co/productos-vigilados/medicamentos-y-productos-biologicos/sala-especializada-medicamentos-sintesis,listed,2026-09-01T21:04:26.464615+00:00,2026-09-01T21:04:26.464615+00:00,3,https://www.invima.gov.co/invima_website/static/attachments/medicamentos_sala_especializada_medicamentos_sintesis/acta_no._01_de_2025_sempb_tercera_parte.pdf
2025-sempb-02-primera-parte,Acta No 02 de 2025 SEMPB Primera Parte,Acta No. 02 de 2025 SEMPB Primera parte,https://www.invima.gov.co/biblioteca/acta_no_02_de_2025_sempb_primera_parte_1pdf,2025,02,SEMPB,Primera Parte,2025-02-28,02/28/2025,official,https://www.invima.gov.co/productos-vigilados/medicamentos-y-productos-biologicos/sala-especializada-medicamentos-sintesis,listed,2026-09-01T21:04:26.464615+00:00,2026-09-01T21:04:26.464615+00:00,3,https://www.invima.gov.co/invima_website/static/attachments/medicamentos_sala_especializada_medicamentos_sintesis/acta_no._02_de_2025_sempb_primera_parte.pdf
2025-sempb-02-segunda-parte,Acta No 02 de 2025 SEMPB Segunda Parte,Acta No. 02 de 2025 SEMPB Segunda parte,https://www.invima.gov.co/biblioteca/download/90761,2025,02,SEMPB,Segunda Parte,2025-04-07,07/04/2025,official,https://www.invima.gov.co/productos-vigilados/medicamentos-y-productos-biologicos/sala-especializada-medicamentos-sintesis,listed,2026-09-01T21:04:26.464615+00:00,2026-09-01T21:04:26.464615+00:00,3,https://www.invima.gov.co/invima_website/static/attachments/medicamentos_sala_especializada_medicamentos_sintesis/acta_no._02_de_2025_sempb_segunda_parte.pdf
2025-sempb-02-tercera-parte,Acta No 02 de 2025 SEMPB Tercera Parte,Acta No. 02 de 2025 SEMPB Tercera parte,https://www.invima.gov.co/biblioteca/acta_no_02_de_2025_sempb_tercera_partepdf-1,2025,02,SEMPB,Tercera Parte,2025-04-07,07/04/2025,official,https://www.invima.gov.co/productos-vigilados/medicamentos-y-productos-biologicos/sala-especializada-medicamentos-sintesis,listed,2026-09-01T21:04:26.464615+00:00,2026-09-01T21:04:26.464615+00:00,3,https://www.invima.gov.co/invima_website/static/attachments/medicamentos_sala_especializada_medicamentos_sintesis/acta_no._02_de_2025_sempb_tercera_parte.pdf
2025-sempb-02-cuarta-parte,Acta No 02 de 2025 SEMPB Cuarta Parte,Acta No. 02 de 2025 SEMPB Cuarta parte,https://www.invima.gov.co/biblioteca/download/90767,2025,02,SEMPB,Cuarta Parte,2025-05-06,06/05/2025,official,https://www.invima.gov.co/productos-vigilados/medicamentos-y-productos-biologicos/sala-especializada-medicamentos-sintesis,listed,2026-09-01T21:04:26.464615+00:00,2026-09-01T21:04:26.464615+00:00,3,https://www.invima.gov.co/invima_website/static/attachments/medicamentos_sala_especializada_medicamentos_sintesis/acta_no._02_de_2025_sempb_cuarta_parte.pdf
2025-sempb-03-primera-parte,Acta No 03 de 2025 SEMPB Primera Parte,Acta No. 03 de 2025 SEMPB Primera parte,https://www.invima.gov.co/biblioteca/acta_no_03_de_2025_sempb_primera_parte_1pdf,2025,03,SEMPB,Primera Parte,2025-03-21,21/03/2025,official,https://www.invima.gov.co/productos-vigilados/medicamentos-y-productos-biologicos/sala-especializada-medicamentos-sintesis,listed,2026-09-01T21:04:26.464615+00:00,2026-09-01T21:04:26.464615+00:00,3,https://www.invima.gov.co/invima_website/static/attachments/medicamentos_sala_especializada_medicamentos_sintesis/acta_no._03_de_2025_sempb_primera_parte.pdf
2025-sempb-03-segunda-parte,Acta No 03 de 2025 SEMPB Segunda Parte,Acta No. 03 de 2025 SEMPB Segunda parte,https://www.invima.gov.co/biblioteca/acta_no_03_de_2025_sempb_segunda_partepdf-1,2025,03,SEMPB,Segunda Parte,2025-04-07,07/04/2025,official,https://www.invima.gov.co/productos-vigilados/medicamentos-y-productos-biologicos/sala-especializada-medicamentos-sintesis,listed,2026-09-01T21:04:26.464615+00:00,2026-09-01T21:04:26.464615+00:00,3,https://www.invima.gov.co/invima_website/static/attachments/medicamentos_sala_especializada_medicamentos_sintesis/acta_no._03_de_2025_sempb_segunda_parte.pdf
2025-sempb-03-tercera-parte,Acta No 03 de 2025 SEMPB Tercera Parte,Acta No. 03 de 2025 SEMPB Tercera parte,https://www.invima.gov.co/biblioteca/download/123050,2025,03,SEMPB,Tercera Parte,2025-05-30,30/05/2025,official,https://www.invima.gov.co/productos-vigilados/medicamentos-y-productos-biologicos/sala-especializada-medicamentos-sintesis,listed,2026-09-01T21:04:26.464615+00:00,2026-09-01T21:04:26.464615+00:00,3,https://www.invima.gov.co/invima_website/static/attachments/medicamentos_sala_especializada_medicamentos_sintesis/acta_no._03_de_2025_sempb_tercera_parte.pdf
2025-sempb-04-primera-parte,Acta No 04 de 2025 SEMPB Primera Parte,Acta No. 04 de 2025 SEMPB Primera parte,https://www.invima.gov.co/biblioteca/download/90762,2025,04,SEMPB,Primera Parte,2025-05-30,30/05/2025,official,https://www.invima.gov.co/productos-vigilados/medicamentos-y-productos-biologicos/sala-especializada-medicamentos-sintesis,listed,2026-09-01T21:04:26.464615+00:00,2026-09-01T21:04:26.464615+00:00,3,https://www.invima.gov.co/invima_website/static/attachments/medicamentos_sala_especializada_medicamentos_sintesis/acta_no._04_de_2025_sempb_primera_parte.pdf
2025-sempb-04-segunda-parte,Acta No 04 de 2025 SEMPB Segunda Parte,Acta No. 04 de 2025 SEMPB Segunda parte,https://www.invima.gov.co/biblioteca/acta-no-04-2025-sempb-segunda-parte,2025,04,SEMPB,Segunda Parte,2025-05-30,30/05/2025,official,https://www.invima.gov.co/productos-vigilados/medicamentos-y-productos-biologicos/sala-especializada-medicamentos-sintesis,listed,2026-09-01T21:04:26.464615+00:00,2026-09-01T21:04:26.464615+00:00,3,https://www.invima.gov.co/invima_website/static/attachments/medicamentos_sala_especializada_medicamentos_sintesis/acta_no._04_de_2025_sempb_segunda_parte.pdf
2025-sempb-04-tercera-parte,Acta No 04 de 2025 SEMPB Tercera Parte,Acta No. 04 de 2025 SEMPB Tercera parte,https://www.invima.gov.co/biblioteca/acta-no-04-de-2025-sempb-tercera-parte,2025,04,SEMPB,Tercera Parte,2025-06-27,27/06/2025,official,https://www.invima.gov.co/productos-vigilados/medicamentos-y-productos-biologicos/sala-especializada-medicamentos-sintesis,listed,2026-09-01T21:04:26.464615+00:00,2026-09-01T21:04:26.464615+00:00,3,https://www.invima.gov.co/invima_website/static/attachments/medicamentos_sala_especializada_medicamentos_sintesis/acta_no._04_de_2025_sempb_tercera_parte.pdf
2025-sempb-05-primera-parte,Acta No 05 de 2025 SEMPB Primera Parte,Acta No. 05 de 2025 SEMPB Primera parte,https://www.invima.gov.co/biblioteca/acta-no-05-2025-sempb-primera-parte,2025,05,SEMPB,Primera Parte,2025-06-27,27/06/2025,official,https://www.invima.gov.co/productos-vigilados/medicamentos-y-productos-biologicos/sala-especializada-medicamentos-sintesis,listed,2026-09-01T21:04:26.464615+00:00,2026-09-01T21:04:26.464615+00:00,3,https://www.invima.gov.co/invima_website/static/attachments/medicamentos_sala_especializada_medicamentos_sintesis/acta_no._05_de_2025_sempb_primera_parte.pdf
2025-sempb-05-segunda-parte,Acta No 05 de 2025 SEMPB Segunda Parte,Acta No. 05 de 2025 SEMPB Segunda parte,https://www.invima.gov.co/biblioteca/acta-no-05-2025-sempb-segunda-parte,2025,05,SEMPB,Segunda Parte,2025-07-08,08/07/2025,official,https://www.invima.gov.co/productos-vigilados/medicamentos-y-productos-biologicos/sala-especializada-medicamentos-sintesis,listed,2026-09-01T21:04:26.464615+00:00,2026-09-01T21:04:26.464615+00:00,3,https://www.invima.gov.co/invima_website/static/attachments/medicamentos_sala_especializada_medicamentos_sintesis/acta_no._05_de_2025_sempb_segunda_parte.pdf
2025-sempb-06-primera-parte,Acta No 06 de 2025 SEMPB Primera Parte,Acta No. 06 de 2025 SEMPB Primera parte,https://www.invima.gov.co/biblioteca/download/90750,2025,06,SEMPB,Primera Parte,2025-07-08,08/07/2025,official,https://www.invima.gov.co/productos-vigilados/medicamentos-y-productos-biologicos/sala-especializada-medicamentos-sintesis,listed,2026-09-01T21:04:26.464615+00:00,2026-09-01T21:04:26.464615+00:00,3,https://www.invima.gov.co/invima_website/static/attachments/medicamentos_sala_especializada_medicamentos_sintesis/acta_no._06_de_2025_sempb_primera_parte.pdf
2025-sempb-06-segunda-parte,Acta No 06 de 2025 SEMPB Segunda Parte,Acta No. 06 de 2025 SEMPB Segunda parte,https://www.invima.gov.co/biblioteca/acta-no-06-2025-sempb-segunda-parte,2025,06,SEMPB,Segunda Parte,2025-07-18,18/07/2025,official,https://www.invima.gov.co/productos-vigilados/medicamentos-y-productos-biologicos/sala-especializada-medicamentos-sintesis,listed,2026-09-01T21:04:26.464615+00:00,2026-09-01T21:04:26.464615+00:00,3,https://www.invima.gov.co/invima_website/static/attachments/medicamentos_sala_especializada_medicamentos_sintesis/acta_no._06_de_2025_sempb_segunda_parte.pdf
2025-sempb-06-tercera-parte,Acta No 06 de 2025 SEMPB Tercera Parte,Acta No. 06 de 2025 SEMPB Tercera parte,https://www.invima.gov.co/biblioteca/acta-no-06-2025-sempb-tercera-parte,2025,06,SEMPB,Tercera Parte,2025-07-25,25/07/2025,official,https://www.invima.gov.co/productos-vigilados/medicamentos-y-productos-biologicos/sala-especializada-medicamentos-sintesis,listed,2026-09-01T21:04:26.464615+00:00,2026-09-01T21:04:26.464615+00:00,3,https://www.invima.gov.co/invima_website/static/attachments/medicamentos_sala_especializada_medicamentos_sintesis/acta_no._06_de_2025_sempb_tercera_parte.pdf
2025-sempb-06-cuarta-parte,Acta No 06 de 2025 SEMPB Cuarta Parte,Acta No. 06 de 2025 SEMPB Cuarta parte,https://www.invima.gov.co/biblioteca/acta_no_06_de_2025_sempb__cuarta_partepdf-1,2025,06,SEMPB,Cuarta Parte,2025-07-31,31/07/2025,official,https://www.invima.gov.co/productos-vigilados/medicamentos-y-productos-biologicos/sala-especializada-medicamentos-sintesis,listed,2026-09-01T21:04:26.464615+00:00,2026-09-01T21:04:26.464615+00:00,3,https://www.invima.gov.co/invima_website/static/attachments/medicamentos_sala_especializada_medicamentos_sintesis/acta_no._06_de_2025_sempb__cuarta_parte.pdf
2025-sempb-07-primera-parte,Acta No 07 de 2025 SEMPB Primera Parte,Acta No. 07 de 2025 SEMPB Primera parte,https://www.invima.gov.co/biblioteca/acta_no_07_de_2025_sempb_primera_parte_1pdf,2025,07,SEMPB,Primera Parte,2025-07-18,18/07/2025,official,https://www.invima.gov.co/productos-vigilados/medicamentos-y-productos-biologicos/sala-especializada-medicamentos-sintesis,listed,2026-09-01T21:04:26.464615+00:00,2026-09-01T21:04:26.464615+00:00,3,https://www.invima.gov.co/invima_website/static/attachments/medicamentos_sala_especializada_medicamentos_sintesis/acta_no._07_de_2025_sempb_primera_parte.pdf
2025-sempb-07-segunda-parte,Acta No 07 de 2025 SEMPB Segunda Parte,Acta No. 07 de 2025 SEMPB Segunda parte,https://www.invima.gov.co/biblioteca/acta_no_07_de_2025_sempb_segunda_partepdf-1,2025,07,SEMPB,Segunda Parte,2025-07-25,25/07/2025,official,https://www.invima.gov.co/productos-vigilados/medicamentos-y-productos-biologicos/sala-especializada-medicamentos-sintesis,listed,2026-09-01T21:04:26.464615+00:00,2026-09-01T21:04:26.464615+00:00,3,https://www.invima.gov.co/invima_website/static/attachments/medicamentos_sala_especializada_medicamentos_sintesis/acta_no._07_de_2025_sempb_segunda_parte.pdf
2025-sempb-07-tercera-parte,Acta No 07 de 2025 SEMPB Tercera Parte,Acta No. 07 de 2025 SEMPB Tercera parte,https://www.invima.gov.co/biblioteca/acta_no_07_de_2025_sempb_tercera_partepdf,2025,07,SEMPB,Tercera Parte,2025-08-21,21/08/2025,official,https://www.invima.gov.co/productos-vigilados/medicamentos-y-productos-biologicos/sala-especializada-medicamentos-sintesis,listed,2026-09-01T21:04:26.464615+00:00,2026-09-01T21:04:26.464615+00:00,3,https://www.invima.gov.co/invima_website/static/attachments/medicamentos_sala_especializada_medicamentos_sintesis/acta_no._07_de_2025_sempb_tercera_parte.pdf
2025-sempb-07-cuarta-parte,Acta No 07 de 2025 SEMPB Cuarta Parte,Acta No. 07 de 2025 SEMPB Cuarta parte,https://www.invima.gov.co/biblioteca/download/90752,2025,07,SEMPB,Cuarta Parte,2025-08-21,21/08/2025,official,https://www.invima.gov.co/productos-vigilados/medicamentos-y-productos-biologicos/sala-especializada-medicamentos-sintesis,listed,2026-09-01T21:04:26.464615+00:00,2026-09-01T21:04:26.464615+00:00,3,https://www.invima.gov.co/invima_website/static/attachments/medicamentos_sala_especializada_medicamentos_sintesis/acta_no._07_de_2025_sempb_cuarta_parte.pdf
2025-sempb-07-quinta-parte,Acta No 07 de 2025 SEMPB Quinta Parte,Acta No. 07 de 2025 SEMPB Quinta parte,https://www.invima.gov.co/biblioteca/acta-no-07-2025-sempb-quinta-parte,2025,07,SEMPB,Quinta Parte,2025-08-29,29/08/2025,official,https://www.invima.gov.co/productos-vigilados/medicamentos-y-productos-biologicos/sala-especializada-medicamentos-sintesis,listed,2026-09-01T21:04:26.464615+00:00,2026-09-01T21:04:26.464615+00:00,3,https://www.invima.gov.co/invima_website/static/attachments/medicamentos_sala_especializada_medicamentos_sintesis/acta_no._07_de_2025_sempb_quinta_parte.pdf
2025-sempb-08-primera-parte,Acta No 08 de 2025 SEMPB Primera Parte,Acta No. 08 de 2025 SEMPB Primera parte,https://www.invima.gov.co/biblioteca/acta_no_08_de_2025_sempb_primera_partepdf-1,2025,08,SEMPB,Primera Parte,2025-08-08,08/08/2025,official,https://www.invima.gov.co/productos-vigilados/medicamentos-y-productos-biologicos/sala-especializada-medicamentos-sintesis,listed,2026-09-01T21:04:26.464615+00:00,2026-09-01T21:04:26.464615+00:00,3,https://www.invima.gov.co/invima_website/static/attachments/medicamentos_sala_especializada_medicamentos_sintesis/acta_no._08_de_2025_sempb_primera_parte.pdf
2025-sempb-08-segunda-parte,Acta No 08 de 2025 SEMPB Segunda Parte,Acta No. 08 de 2025 SEMPB Segunda parte,https://www.invima.gov.co/biblioteca/acta_no_08_de_2025_sempb_segunda_partepdf,2025,08,SEMPB,Segunda Parte,2025-10-28,28/10/2025,official,https://www.invima.gov.co/productos-vigilados/medicamentos-y-productos-biologicos/sala-especializada-medicamentos-sintesis,listed,2026-09-01T21:04:26.464615+00:00,2026-09-01T21:04:26.464615+00:00,3,https://www.invima.gov.co/invima_website/static/attachments/medicamentos_sala_especializada_medicamentos_sintesis/acta_no._08_de_2025_sempb_segunda_parte.pdf
2025-sempb-08-tercera-parte,Acta No 08 de 2025 SEMPB Tercera Parte,Acta No. 08 de 2025 SEMPB Tercera parte,https://www.invima.gov.co/biblioteca/acta-08-2025-sempb-tercera-parte,2025,08,SEMPB,Tercera Parte,2025-09-29,29/09/2025,official,https://www.invima.gov.co/productos-vigilados/medicamentos-y-productos-biologicos/sala-especializada-medicamentos-sintesis,listed,2026-09-01T21:04:26.464615+00:00,2026-09-01T21:04:26.464615+00:00,3,https://www.invima.gov.co/invima_website/static/attachments/medicamentos_sala_especializada_medicamentos_sintesis/acta_no._08_de_2025_sempb_tercera_parte.pdf
2025-sempb-09-primera-parte,Acta No 09 de 2025 SEMPB Primera Parte,Acta No. 09 de 2025 SEMPB Primera parte,https://www.invima.gov.co/biblioteca/download/90759,2025,09,SEMPB,Primera Parte,2025-09-12,12/09/2025,official,https://www.invima.gov.co/productos-vigilados/medicamentos-y-productos-biologicos/sala-especializada-medicamentos-sintesis,listed,2026-09-01T21:04:26.464615+00:00,2026-09-01T21:04:26.464615+00:00,3,https://www.invima.gov.co/invima_website/static/attachments/medicamentos_sala_especializada_medicamentos_sintesis/acta_no._09_de_2025_sempb_primera_parte.pdf
2025-sempb-09-segunda-parte,Acta No 09 de 2025 SEMPB Segunda Parte,Acta No. 09 de 2025 SEMPB Segunda parte,https://www.invima.gov.co/biblioteca/acta-no-09-2025-sempb-segunda-parte,2025,09,SEMPB,Segunda Parte,2025-09-29,29/09/2025,official,https://www.invima.gov.co/productos-vigilados/medicamentos-y-productos-biologicos/sala-especializada-medicamentos-sintesis,listed,2026-09-01T21:04:26.464615+00:00,2026-09-01T21:04:26.464615+00:00,3,https://www.invima.gov.co/invima_website/static/attachments/medicamentos_sala_especializada_medicamentos_sintesis/acta_no._09_de_2025_sempb_segunda_parte.pdf
2025-sempb-10-primera-parte,Acta No 10 de 2025 SEMPB Primera Parte,Acta No. 10 de 2025 SEMPB Primera parte,https://www.invima.gov.co/invima_website/static/attachments/medicamentos_sala_especializada_medicamentos_sintesis/acta_no._10_de_2025_sempb_primera_parte.pdf,2025,10,SEMPB,Primera Parte,2025-10-16,16/10/2025,official,https://www.invima.gov.co/productos-vigilados/medicamentos-y-productos-biologicos/sala-especializada-medicamentos-sintesis,listed,2026-09-01T21:04:26.464615+00:00,2026-09-01T21:04:26.464615+00:00,3,
2025-sempb-10-segunda-parte,Acta No 10 de 2025 SEMPB Segunda Parte,Acta No. 10 de 2025 SEMPB Segunda parte,https://www.invima.gov.co/invima_website/static/attachments/medicamentos_sala_especializada_medicamentos_sintesis/acta_no._10_de_2025_sempb_segunda_parte.pdf,2025,10,SEMPB,Segunda Parte,2025-10-28,28/10/2025,official,https://www.invima.gov.co/productos-vigilados/medicamentos-y-productos-biologicos/sala-especializada-medicamentos-sintesis,listed,2026-09-01T21:04:26.464615+00:00,2026-09-01T21:04:26.464615+00:00,3,
2025-sempb-10-tercera-parte,Acta No 10 de 2025 SEMPB Tercera Parte,Acta No. 10 de 2025 SEMPB Tercera parte,https://www.invima.gov.co/invima_website/static/attachments/medicamentos_sala_especializada_medicamentos_sintesis/acta_no._10_de_2025_sempb_tercera_parte.pdf,2025,10,SEMPB,Tercera Parte,2025-10-31,31/10/2025,official,https://www.invima.gov.co/productos-vigilados/medicamentos-y-productos-biologicos/sala-especializada-medicamentos-sintesis,listed,2026-09-01T21:04:26.464615+00:00,2026-09-01T21:04:26.464615+00:00,3,
2025-sempb-10-cuarta-parte,Acta No 10 de 2025 SEMPB Cuarta Parte,Acta No. 10 de 2025 SEMPB Cuarta parte,https://www.invima.gov.co/invima_website/static/attachments/medicamentos_sala_especializada_medicamentos_sintesis/acta_no._10_de_2025_sempb_cuarta_parte.pdf,2025,10,SEMPB,Cuarta Parte,2025-10-31,31/10/2025,official,https://www.invima.gov.co/productos-vigilados/medicamentos-y-productos-biologicos/sala-especializada-medicamentos-sintesis,listed,2026-09-01T21:04:26.464615+00:00,2026-09-01T21:04:26.464615+00:00,3,
2025-sempb-11-primera-parte,Acta No 11 de 2025 SEMPB Primera Parte,Acta No. 11 de 2025 SEMPB Primera parte,https://www.invima.gov.co/invima_website/static/attachments/medicamentos_sala_especializada_medicamentos_sintesis/acta_no._11_de_2025_sempb_primera_parte.pdf,2025,11,SEMPB,Primera Parte,2025-11-19,19/11/2025,official,https://www.invima.gov.co/productos-vigilados/medicamentos-y-productos-biologicos/sala-especializada-medicamentos-sintesis,listed,2026-09-01T21:04:26.464615+00:00,2026-09-01T21:04:26.464615+00:00,3,
2025-sempb-11-segunda-parte,Acta No 11 de 2025 SEMPB Segunda Parte,Acta No. 11 de 2025 SEMPB Segunda parte,https://www.invima.gov.co/invima_website/static/attachments/medicamentos_sala_especializada_medicamentos_sintesis/acta_no._11_de_2025_sempb_segunda_parte.pdf,2025,11,SEMPB,Segunda Parte,2025-11-19,19/11/2025,official,https://www.invima.gov.co/productos-vigilados/medicamentos-y-productos-biologicos/sala-especializada-medicamentos-sintesis,listed,2026-09-01T21:04:26.464615+00:00,2026-09-01T21:04:26.464615+00:00,3,
2025-sempb-11-tercera-parte,Acta No 11 de 2025 SEMPB Tercera Parte,Acta No. 11 de 2025 SEMPB Tercera parte,https://www.invima.gov.co/biblioteca/acta-no-11-de-2025-sempb-tercera-partepdf,2025,11,SEMPB,Tercera Parte,2025-11-28,28/11/2025,official,https://www.invima.gov.co/productos-vigilados/medicamentos-y-productos-biologicos/sala-especializada-medicamentos-sintesis,listed,2026-09-01T21:04:26.464615+00:00,2026-09-01T21:04:26.464615+00:00,3,
2025-sempb-12-primera-parte,Acta No 12 de 2025 SEMPB Primera Parte,Acta No. 12 de 2025 SEMPB Primera parte,https://www.invima.gov.co/biblioteca/acta-no-12-de-2025-sempb-primera-partepdf,2025,12,SEMPB,Primera Parte,2025-12-19,19/12/2025,official,https://www.invima.gov.co/productos-vigilados/medicamentos-y-productos-biologicos/sala-especializada-medicamentos-sintesis,listed,2026-09-01T21:04:26.464615+00:00,2026-09-01T21:04:26.464615+00:00,4,
2025-sempb-12-segunda-parte,Acta No 12 de 2025 SEMPB Segunda Parte,Acta No. 12 de 2025 SEMPB Segunda parte,https://www.invima.gov.co/biblioteca/acta-no-12-de-2025-sempb-segunda-partepdf-1,2025,12,SEMPB,Segunda Parte,2025-12-26,26/12/2025,official,https://www.invima.gov.co/productos-vigilados/medicamentos-y-productos-biologicos/sala-especializada-medicamentos-sintesis,listed,2026-09-01T21:04:26.464615+00:00,2026-09-01T21:04:26.464615+00:00,3,
2025-sempb-12-tercera-parte,Acta No 12 de 2025 SEMPB Tercera Parte,Acta No. 12 de 2025 SEMPB tercera parte,https://www.invima.gov.co/biblioteca/acta-no-12-de-2025-sempb-tercera-partepdf,2025,12,SEMPB,Tercera Parte,2025-12-30,30/12/2025,official,https://www.invima.gov.co/productos-vigilados/medicamentos-y-productos-biologicos/sala-especializada-medicamentos-sintesis,listed,2026-09-01T21:04:26.464615+00:00,2026-09-01T21:04:26.464615+00:00,3,
2025-sempb-12-cuarta-parte,Acta No 12 de 2025 SEMPB Cuarta Parte,Acta No. 12 de 2025 SEMPB cuarta parte,https://www.invima.gov.co/biblioteca/acta-no-12-de-2025-sempb-cuarta-partepdf,2025,12,SEMPB,Cuarta Parte,2025-12-30,30/12/2025,official,https://www.invima.gov.co/productos-vigilados/medicamentos-y-productos-biologicos/sala-especializada-medicamentos-sintesis,listed,2026-09-01T21:04:26.464615+00:00,2026-09-01T21:04:26.464615+00:00,3,
2026-sempb-01-primera-parte,Acta No 01 de 2026 SEMPB Primera Parte,Acta No. 01 de 2026 SEMPB Primera parte,https://www.invima.gov.co/biblioteca/download/144037,2026,01,SEMPB,Primera Parte,2026-02-19,19/02/2026,official,https://www.invima.gov.co/productos-vigilados/medicamentos-y-productos-biologicos/sala-especializada-medicamentos-sintesis,listed,2026-09-01T21:04:26.464615+00:00,2026-09-01T21:04:26.464615+00:00,3,https://www.invima.gov.co/biblioteca/acta-no-01-de-2026-sempb-primera-partepdf
2026-sempb-01-segunda-parte,Acta No 01 de 2026 SEMPB Segunda Parte,Acta No. 01 de 2026 SEMPB Segunda parte,https://www.invima.gov.co/biblioteca/download/144240,2026,01,SEMPB,Segunda Parte,2026-03-13,13/03/2026,official,https://www.invima.gov.co/productos-vigilados/medicamentos-y-productos-biologicos/sala-especializada-medicamentos-sintesis,listed,2026-09-01T21:04:26.464615+00:00,2026-09-01T21:04:26.464615+00:00,3,https://www.invima.gov.co/biblioteca/acta-no-01-de-2026-sempb-segunda-partepdf
2026-sempb-02-primera-parte,Acta No 02 de 2026 SEMPB Primera Parte,Acta No. 02 de 2026 SEMPB Primera parte,https://www.invima.gov.co/biblioteca/download/144241,2026,02,SEMPB,Primera Parte,2026-03-13,13/03/2026,official,https://www.invima.gov.co/productos-vigilados/medicamentos-y-productos-biologicos/sala-especializada-medicamentos-sintesis,listed,2026-09-01T21:04:26.464615+00:00,2026-09-01T21:04:26.464615+00:00,3,https://www.invima.gov.co/biblioteca/acta-no-02-de-2026-sempb-primera-partepdf
2026-sempb-02-segunda-parte,Acta No 02 de 2026 SEMPB Segunda Parte,Acta No. 02 de 2026 SEMPB Segunda parte,https://www.invima.gov.co/biblioteca/download/144319,2026,02,SEMPB,Segunda Parte,2026-03-31,31/03/2026,official,https://www.invima.gov.co/productos-vigilados/medicamentos-y-productos-biologicos/sala-especializada-medicamentos-sintesis,listed,2026-09-01T21:04:26.464615+00:00,2026-09-01T21:04:26.464615+00:00,3,https://www.invima.gov.co/biblioteca/acta-no-02-de-2026-sempb-segunda-partepdf
2026-sempb-02-tercera-parte,Acta No 02 de 2026 SEMPB Tercera Parte,Acta No. 02 de 2026 SEMPB Tercera parte,https://www.invima.gov.co/biblioteca/download/144320,2026,02,SEMPB,Tercera Parte,2026-03-31,31/03/2026,official,https://www.invima.gov.co/productos-vigilados/medicamentos-y-productos-biologicos/sala-especializada-medicamentos-sintesis,listed,2026-09-01T21:04:26.464615+00:00,2026-09-01T21:04:26.464615+00:00,3,https://www.invima.gov.co/biblioteca/acta-no-02-de-2026-sempb-tercera-partepdf
2026-sempb-03-primera-parte,Acta No 03 de 2026 SEMPB Primera Parte,Acta No. 03 de 2026 SEMPB Primera parte,https://www.invima.gov.co/biblioteca/download/144321,2026,03,SEMPB,Primera Parte,2026-03-31,31/03/2026,official,https://www.invima.gov.co/productos-vigilados/medicamentos-y-productos-biologicos/sala-especializada-medicamentos-sintesis,listed,2026-09-01T21:04:26.464615+00:00,2026-09-01T21:04:26.464615+00:00,3,https://www.invima.gov.co/biblioteca/acta-no-03-de-2026-sempb-primera-partepdf
2026-sempb-03-segunda-parte,Acta No 03 de 2026 SEMPB Segunda Parte,Acta No. 03 de 2026 SEMPB Segunda parte,https://www.invima.gov.co/biblioteca/download/144586,2026,03,SEMPB,Segunda Parte,2026-04-30,30/04/2026,official,https://www.invima.gov.co/productos-vigilados/medicamentos-y-productos-biologicos/sala-especializada-medicamentos-sintesis,listed,2026-09-01T21:04:26.464615+00:00,2026-09-01T21:04:26.464615+00:00,3,https://www.invima.gov.co/biblioteca/acta-no-03-de-2026-sempb-segunda-partepdf
2026-sempb-03-tercera-parte,Acta No 03 de 2026 SEMPB Tercera Parte,Acta No. 03 de 2026 SEMPB Tercera parte,https://www.invima.gov.co/biblioteca/download/144587,2026,03,SEMPB,Tercera Parte,2026-04-30,30/04/2026,official,https://www.invima.gov.co/productos-vigilados/medicamentos-y-productos-biologicos/sala-especializada-medicamentos-sintesis,listed,2026-09-01T21:04:26.464615+00:00,2026-09-01T21:04:26.464615+00:00,3,https://www.invima.gov.co/biblioteca/acta-no-03-de-2026-sempb-tercera-partepdf
2026-sempb-04-primera-parte,Acta No 04 de 2026 SEMPB Primera Parte,Acta No. 04 de 2026 SEMPB Primera parte,https://www.invima.gov.co/biblioteca/download/144784,2026,04,SEMPB,Primera Parte,2026-05-26,26/05/2026,official,https://www.invima.gov.co/productos-vigilados/medicamentos-y-productos-biologicos/sala-especializada-medicamentos-sintesis,listed,2026-09-01T21:04:26.464615+00:00,2026-09-01T21:04:26.464615+00:00,3,https://www.invima.gov.co/biblioteca/acta-no-04-de-2026-sempb-primera-partepdf
2026-sempb-04-segunda-parte,Acta No 04 de 2026 SEMPB Segunda Parte,Acta No. 04 de 2026 SEMPB Segunda parte,https://www.invima.gov.co/biblioteca/download/144898,2026,04,SEMPB,Segunda Parte,2026-06-01,01/06/2026,official,https://www.invima.gov.co/productos-vigilados/medicamentos-y-productos-biologicos/sala-especializada-medicamentos-sintesis,listed,2026-09-01T21:04:26.464615+00:00,2026-09-01T21:04:26.464615+00:00,3,https://www.invima.gov.co/biblioteca/acta-no-04-de-2026-sempb-segunda-partepdf|https://www.invima.gov.co/biblioteca/acta-no-04-de-2026-sempb-segunda-partepdf-1
2026-sempb-05-primera-parte,Acta No 05 de 2026 SEMPB Primera Parte,Acta No. 05 de 2026 SEMPB Primera parte,https://www.invima.gov.co/biblioteca/download/144860,2026,05,SEMPB,Primera Parte,2026-06-01,01/06/2026,official,https://www.invima.gov.co/productos-vigilados/medicamentos-y-productos-biologicos/sala-especializada-medicamentos-sintesis,listed,2026-09-01T21:04:26.464615+00:00,2026-09-01T21:04:26.464615+00:00,3,https://www.invima.gov.co/biblioteca/acta-no-05-de-2026-sempb-primera-partepdf
2026-sempb-05-segunda-parte,Acta No 05 de 2026 SEMPB Segunda Parte,Acta No.05 de 2026 SEMPB segunda parte,https://www.invima.gov.co/biblioteca/download/145118,2026,05,SEMPB,Segunda Parte,2026-06-30,30/06/2026,official,https://www.invima.gov.co/productos-vigilados/medicamentos-y-productos-biologicos/sala-especializada-medicamentos-sintesis,listed,2026-09-01T21:04:26.464615+00:00,2026-09-01T21:04:26.464615+00:00,1,https://www.invima.gov.co/biblioteca/acta-no-05-de-2026-sempb-segunda-partepdf
2026-sempb-06-primera-parte,Acta No 06 de 2026 SEMPB Primera Parte,Acta No. 06 de 2026 SEMPB Primera parte,https://www.invima.gov.co/biblioteca/download/145116,2026,06,SEMPB,Primera Parte,2026-06-30,30/06/2026,official,https://www.invima.gov.co/productos-vigilados/medicamentos-y-productos-biologicos/sala-especializada-medicamentos-sintesis,listed,2026-09-01T21:04:26.464615+00:00,2026-09-01T21:04:26.464615+00:00,1,https://www.invima.gov.co/biblioteca/acta-no-06-de-2026-sempb-primera-partepdf
2026-sempb-06-segunda-parte,Acta No 06 de 2026 SEMPB Segunda Parte,Acta No. 06 de 2026 SEMPB Segunda parte,https://www.invima.gov.co/biblioteca/acta-no-06-de-2026-sempb-segunda-partepdf,2026,06,SEMPB,Segunda Parte,2026-07-17,17/07/2026,official,https://www.invima.gov.co/productos-vigilados/medicamentos-y-productos-biologicos/sala-especializada-medicamentos-sintesis,listed,2026-09-01T21:04:26.464615+00:00,2026-09-01T21:04:26.464615+00:00,1,
2026-sempb-06-tercera-parte,Acta No 06 de 2026 SEMPB Tercera Parte,Acta No. 06 de 2026 SEMPB Tercera parte,https://www.invima.gov.co/biblioteca/acta-no-06-de-2026-sempb-tercera-partepdf,2026,06,SEMPB,Tercera Parte,2026-07-24,24/07/2026,official,https://www.invima.gov.co/productos-vigilados/medicamentos-y-productos-biologicos/sala-especializada-medicamentos-sintesis,listed,2026-09-01T21:04:26.464615+00:00,2026-09-01T21:04:26.464615+00:00,1,
2026-sempb-07-primera-parte,Acta No 07 de 2026 SEMPB Primera Parte,Acta No. 07 de 2026 SEMPB Primera parte,https://www.invima.gov.co/biblioteca/download/145314,2026,07,SEMPB,Primera Parte,2026-07-24,24/07/2026,official,https://www.invima.gov.co/productos-vigilados/medicamentos-y-productos-biologicos/sala-especializada-medicamentos-sintesis,listed,2026-09-01T21:04:26.464615+00:00,2026-09-01T21:04:26.464615+00:00,1,https://www.invima.gov.co/biblioteca/acta-no-07-de-2026-sempb-primera-partepdf
2026-sempb-07-segunda-parte,Acta No 07 de 2026 SEMPB Segunda Parte,Acta No. 07 de 2026 SEMPB Segunda parte,https://www.invima.gov.co/biblioteca/download/145671,2026,07,SEMPB,Segunda Parte,2026-08-28,28/08/2026,official,https://www.invima.gov.co/productos-vigilados/medicamentos-y-productos-biologicos/sala-especializada-medicamentos-sintesis,listed,2026-09-01T21:04:26.464615+00:00,2026-09-01T21:04:26.464615+00:00,1,https://www.invima.gov.co/biblioteca/acta-no-07-de-2026-sempb-segunda-partepdf
2026-sempb-08-primera-parte,Acta No 08 de 2026 SEMPB Primera Parte,Acta No. 08 de 2026 SEMPB Primera parte,https://www.invima.gov.co/biblioteca/download/145672,2026,08,SEMPB,Primera Parte,2026-08-31,31/08/2026,official,https://www.invima.gov.co/productos-vigilados/medicamentos-y-productos-biologicos/sala-especializada-medicamentos-sintesis,listed,2026-09-01T21:04:26.464615+00:00,2026-09-01T21:04:26.464615+00:00,1,https://www.invima.gov.co/biblioteca/acta-no-08-de-2026-sempb-primera-partepdf
2026-sempb-08-segunda-parte,Acta No 08 de 2026 SEMPB Segunda Parte,Acta No. 08 de 2026 SEMPB Segunda parte,https://www.invima.gov.co/biblioteca/download/145673,2026,08,SEMPB,Segunda Parte,2026-08-31,31/08/2026,official,https://www.invima.gov.co/productos-vigilados/medicamentos-y-productos-biologicos/sala-especializada-medicamentos-sintesis,listed,2026-09-01T21:04:26.464615+00:00,2026-09-01T21:04:26.464615+00:00,1,https://www.invima.gov.co/biblioteca/acta-no-08-de-2026-sempb-segunda-partepdf
